pt,comparator,a_dato_cases,b_dato_without_pt,c_comparator_cases,d_comparator_without_pt,n_dato,n_comparator,ror,ror_ci_lower,ror_ci_upper,prr,chi2_yates,ic,ic025,expected_count,ebgm,eb05,ror_signal,prr_signal,bcpnn_signal,mgps_signal,consensus_signal
Disease progression,full_faers_excluding_all_dato,78,118,10626,1799093,196,1809719,111.91708696609213,84.02410067488614,149.06954379006558,67.77661358162689,5058.164774809562,5.56416632356467,3.345826790552635,1.1591616180870372,66.84131584798055,55.25606531200803,True,True,True,True,True
Stomatitis,full_faers_excluding_all_dato,41,155,5549,1804170,196,1809719,86.00325545433935,60.89588714540023,121.46238925928917,68.22196222154388,2637.606285916121,5.230530435417542,2.505396312399521,0.6053543950959023,66.87048964335527,51.30221336004466,True,True,True,True,True
Prescribed underdose,full_faers_excluding_all_dato,9,187,2072,1807647,196,1809719,41.9879601717837,21.480086415738793,82.07549845309399,40.10585995981404,304.2112571406898,3.711165500135896,0.2666170317826069,0.22535643939080013,37.79419392760266,20.906504211944924,True,True,True,True,True
Interstitial lung disease,full_faers_excluding_all_dato,8,188,4750,1804969,196,1809719,16.16993505039194,7.9647526945787135,32.82798720315115,15.550754027926958,94.94432191296987,3.0656205152117306,0.09639100207650353,0.5152551362909308,14.64143008559863,7.784404490586474,True,True,True,True,True
Dry eye,full_faers_excluding_all_dato,9,187,7622,1802097,196,1809719,11.379157855742664,5.8271886402906246,22.220875536895612,10.90256387257081,71.56543498215854,2.8404342913271257,0.21937658767502377,0.826379139351848,10.344292012991241,5.722121893999272,True,True,True,True,True
Infusion related reaction,full_faers_excluding_all_dato,8,188,8548,1801171,196,1809719,8.966492099682394,4.417705907810969,18.19903412572456,8.641329156838214,46.862240990531035,2.574932942869687,0.016483324476174843,0.926549589345356,8.15006196745259,4.3331408617249165,True,True,True,True,True
Infectious iridocyclitis,full_faers_excluding_all_dato,1,195,4,1809715,196,1809719,2320.147435897436,258.1519699166114,20852.384454165902,2308.3150510204077,460.76472172621413,1.5834010172799935,-3.0323112734258606,0.0005414618918567999,365.56029157967237,36.78833949960446,False,False,False,False,False
Procedural shock,full_faers_excluding_all_dato,1,195,4,1809715,196,1809719,2320.147435897436,258.1519699166114,20852.384454165902,2308.3150510204077,460.76472172621413,1.5834010172799935,-3.0323112734258606,0.0005414618918567999,365.56029157967237,36.78833949960446,False,False,False,False,False
Breast haemorrhage,full_faers_excluding_all_dato,1,195,15,1809704,196,1809719,618.7022222222222,81.32748710692115,4706.8027477531605,615.5506802721088,143.3038337763438,1.5799716911298585,-3.0316303893514798,0.0017326780539417598,213.6827418486007,21.504067682962173,False,False,False,False,False
Corneal epitheliopathy,full_faers_excluding_all_dato,1,195,19,1809700,196,1809719,488.4480431848853,65.06732947374286,3666.6863819487185,485.9610633727175,114.44407631767032,1.5787266817353751,-3.0313847067508153,0.0021658475674271997,185.6370290466512,18.68167359960026,False,False,False,False,False
Laryngopharyngitis,full_faers_excluding_all_dato,1,195,22,1809697,196,1809719,421.84079254079256,56.58069451014435,3145.059561252638,419.6936456400742,99.3869099423102,1.577793629265504,-3.031201111123409,0.0024907247025412796,169.00107314437278,17.007506006099252,False,False,False,False,False
Urinary bladder rupture,full_faers_excluding_all_dato,1,195,26,1809693,196,1809719,356.9414201183432,48.197581270207195,2643.4350861265075,355.12539246467816,84.51574625724105,1.5765504972563265,-3.030957203162228,0.0029238942160267193,150.96291608252807,15.192227210169902,False,False,False,False,False
Corneal erosion,full_faers_excluding_all_dato,1,195,34,1809685,196,1809719,272.95399698340873,37.178882109292886,2003.9301948402685,271.5664765906362,64.97108383403096,1.5740674421518361,-3.0304724153220555,0.0037902332429975995,124.40618228475157,12.519677260252015,False,False,False,False,False
Fungal pharyngitis,full_faers_excluding_all_dato,1,195,42,1809677,196,1809719,220.96178266178265,30.260175087960093,1613.477425532115,219.83952866861028,52.69917470984924,1.5715886533479397,-3.029991646617632,0.004656572269968479,105.7951616571115,10.646748057998801,False,False,False,False,False
Carcinoembryonic antigen increased,full_faers_excluding_all_dato,4,192,202,1809517,196,1809719,186.62510313531354,68.67517019919843,507.15460943514233,182.83683572438875,542.2674411033669,3.106951660077721,-1.0264974997972374,0.022308229944500158,152.1479842884256,59.65138893146637,True,True,False,True,False
Coronavirus test positive,full_faers_excluding_all_dato,1,195,65,1809654,196,1809719,142.77349112426035,19.71260624925994,1034.072791291843,142.05015698587127,33.99032588922774,1.5644857680078377,-3.028631627362152,0.0071472969725097585,73.9776297143709,7.444775102755277,False,False,False,False,False
Malignant ascites,full_faers_excluding_all_dato,1,195,66,1809653,196,1809719,140.6101787101787,19.418310498489316,1018.1741793883946,139.89788188002473,33.468313550313965,1.5641777387623725,-3.028573237646999,0.007255589350881119,73.02278827642826,7.348684165647382,False,False,False,False,False
Malignant pleural effusion,full_faers_excluding_all_dato,2,194,135,1809584,196,1809719,138.1889270714013,33.9670056211229,562.197909881989,136.78904006046864,148.69975168609244,2.2797430955099633,-2.0479651906587124,0.014836055836876317,98.96632893462882,23.651179243800296,False,False,False,False,False
Incorrect product formulation administered,full_faers_excluding_all_dato,1,195,73,1809646,196,1809719,127.1265191429575,17.580986426928614,919.2403359490037,126.48301649426894,30.209345094063075,1.5620233735622544,-3.028166227838503,0.008013635999480639,66.97186969152526,6.739747001755879,False,False,False,False,False
Rectal prolapse,full_faers_excluding_all_dato,1,195,82,1809637,196,1809719,113.17304565353346,15.674160387088293,817.1498789209508,112.60073419611746,26.827160323980202,1.5592581942229957,-3.0276473308124006,0.008988267404822878,60.52374858522847,6.09083716702534,False,False,False,False,False
Angular cheilitis,full_faers_excluding_all_dato,1,195,88,1809631,196,1809719,105.45635198135199,14.617225932949939,760.8175603378958,104.92341141001855,24.952500215692165,1.557417681366336,-3.027304136651055,0.009638021675051038,56.87320762283388,5.72346318419626,False,False,False,False,False
Vascular pain,full_faers_excluding_all_dato,1,195,99,1809620,196,1809719,93.73840973840974,13.008971740984906,675.4484239982471,93.26525458668316,22.10009394455344,1.5540494940693015,-3.026680601404229,0.010829237837135998,51.2104093657658,5.153584700133978,False,False,False,False,False
Keratitis,full_faers_excluding_all_dato,3,193,309,1809410,196,1809719,91.02117812767241,28.94176563056974,286.2594830426858,89.64330295224886,180.06549791387104,2.7130182466899906,-1.4419622966115102,0.03378722205186432,73.62557561219323,24.22870603275758,True,True,False,True,False
Respiratory syncytial virus test positive,full_faers_excluding_all_dato,1,195,108,1809611,196,1809719,85.9264482431149,11.934600398380836,618.6511706481938,85.49315003779289,20.19470275304724,1.551299541400689,-3.0261758468550806,0.011803869242478239,47.352795007898,4.76537178444081,False,False,False,False,False
Duodenal perforation,full_faers_excluding_all_dato,1,195,116,1809603,196,1809719,80.0001326259947,11.118382670456828,575.6251974653234,79.59707072484166,18.747237377258994,1.5488595317541676,-3.025731238542851,0.012670208269449118,44.38108802686986,4.466312592757294,False,False,False,False,False
Infusion related hypersensitivity reaction,full_faers_excluding_all_dato,1,195,134,1809585,196,1809719,69.25315729047072,9.635630343642728,497.7359678251791,68.90492689613158,16.11804889352331,1.5433845518688651,-3.0247447399777263,0.014619471080133598,38.88975158002545,3.913689252185754,False,False,False,False,False
Tumour marker increased,full_faers_excluding_all_dato,3,193,417,1809302,196,1809719,67.44332202631676,21.4749477359275,211.80967431812067,66.42633240346498,132.505163637203,2.6817493131731527,-1.4344011097411324,0.04548279891597119,55.15403318989811,18.150090448429555,True,True,False,True,False
Sialoadenitis,full_faers_excluding_all_dato,1,195,149,1809570,196,1809719,62.28084667010842,8.671872327872002,447.29715974697723,61.96818928913847,14.409432040476265,1.5388378868843076,-3.023937194153304,0.016243856755703997,35.254659725942645,3.547869997959945,False,False,False,False,False
Metastases to pleura,full_faers_excluding_all_dato,1,195,150,1809569,196,1809719,61.86560683760684,8.61443058934682,444.2955654107316,61.55506802721088,14.307605370104023,1.538535284749641,-3.02388382406411,0.01635214913407536,35.03633264793193,3.5258985452260974,False,False,False,False,False
Catheter site infection,full_faers_excluding_all_dato,2,194,338,1809381,196,1809719,55.187610565485265,13.648223006566587,223.15523115809975,54.634675763796636,58.1631179094135,2.2194193568142646,-2.0341741515665976,0.036819408646262396,41.64387406059466,9.952139686457933,False,False,False,False,False
Leukoencephalopathy,full_faers_excluding_all_dato,1,195,219,1809500,196,1809719,42.37208757756703,5.912162574460122,303.67801681180254,42.161005498089644,9.519489710141801,1.517807544309743,-3.020339420129614,0.023824323241699197,24.547156861785943,2.4703151878972887,False,False,False,False,False
Ulcerative keratitis,full_faers_excluding_all_dato,1,195,242,1809477,196,1809719,38.34450095359186,5.352460025137517,274.6962604998122,38.15396778546129,8.528651272092482,1.5109639519004285,-3.0192172331659513,0.026315047944240475,22.319790848418886,2.2461631151009227,False,False,False,False,False
Abnormal sensation in eye,full_faers_excluding_all_dato,1,195,254,1809465,196,1809719,36.53270745003029,5.1005253735369145,261.6669099528475,36.35141812630564,8.082824813988202,1.507406227610063,-3.0186432427357,0.027614556484696795,21.31089687390212,2.1446325744252843,False,False,False,False,False
Lung opacity,full_faers_excluding_all_dato,2,194,563,1809156,196,1809719,33.12805112523118,8.206099710722095,133.7380497487715,32.800213868851266,33.84901884929348,2.1553792441494477,-2.021503714178649,0.06118519377981839,25.3619336142764,6.061047674879731,False,False,False,False,False
Performance status decreased,full_faers_excluding_all_dato,1,195,292,1809427,196,1809719,31.77778363189322,4.438883668690005,227.49583181877765,31.620754123567234,6.912658804584166,1.4961976344692192,-3.016876795758164,0.031729666862808474,18.642438259439935,1.8760909310611449,False,False,False,False,False
Jaundice cholestatic,full_faers_excluding_all_dato,1,195,300,1809419,196,1809719,30.930239316239316,4.320879392368725,221.4085646198469,30.77753401360544,6.704088150201824,1.4938489862575404,-3.0165147015097373,0.03259600588977935,18.16362339616634,1.8279051621105624,False,False,False,False,False
Osteonecrosis of jaw,full_faers_excluding_all_dato,3,193,1069,1808650,196,1809719,26.299093143075947,8.394623838788206,82.39110095110885,25.911862125579887,48.988211073747806,2.506143233725651,-1.4006201657045683,0.1160894296140979,21.933510976838324,7.217880271975331,True,True,False,True,False
Amylase increased,full_faers_excluding_all_dato,1,195,387,1809332,196,1809719,23.975776850195455,3.351808525636794,171.50080954017437,23.858553498918948,4.993538502713062,1.4685513155278813,-3.0127905203272056,0.042017442808087675,14.197929486529729,1.4288156076384548,False,False,False,False,False
Cystitis haemorrhagic,full_faers_excluding_all_dato,1,195,417,1809302,196,1809719,22.250531882186557,3.1111842411229103,159.13109950104098,22.142110801154992,4.569699233014823,1.4599298297992347,-3.0115946075955806,0.04526621415922847,13.20385388746617,1.328776321455063,False,False,False,False,False
Pulmonary toxicity,full_faers_excluding_all_dato,2,194,940,1808779,196,1809719,19.837453388901075,4.918727980077465,80.00535068227643,19.64523447676943,19.17041789970193,2.0540653339601533,-2.0055037563953384,0.1020114204258211,15.323417729127712,3.6620222578794177,False,False,False,False,False
Discouragement,full_faers_excluding_all_dato,1,195,476,1809243,196,1809719,19.491952165481578,2.7262565035412245,139.36186808831474,19.397605470759732,3.892861894555739,1.4431230801778767,-3.009369805194666,0.05165546448313871,11.605771480181756,1.1679525134493434,False,False,False,False,False
Psychiatric symptom,full_faers_excluding_all_dato,1,195,522,1809197,196,1809719,17.77381864623244,2.486397933271314,127.05473449840107,17.688237938853703,3.4720984334794975,1.430154010119748,-3.007748854066685,0.05663691388822127,10.605042042407463,1.0672436149390543,False,False,False,False,False
Anuria,full_faers_excluding_all_dato,1,195,541,1809178,196,1809719,17.14941940376321,2.3992077087902337,122.58321145294555,17.067024406805235,3.319392969627661,1.4248310575329377,-3.007107630304506,0.05869446907727711,10.240328152480497,1.0305404534855067,False,False,False,False,False
Coronavirus infection,full_faers_excluding_all_dato,1,195,555,1809164,196,1809719,16.716692076692077,2.3387755535402523,119.48465664605301,16.636504872219156,3.213641103901298,1.4209214109436494,-3.0066455603657554,0.06021056237447615,9.987246811905289,1.0050714884678262,False,False,False,False,False
Aphthous ulcer,full_faers_excluding_all_dato,2,194,1167,1808552,196,1809719,15.976748911209462,3.9625895853566435,64.41658927159854,15.823924942727734,14.911222105215218,1.9963257174237703,-1.9985501879227594,0.1265937903161198,12.374298975143141,2.957235720755112,False,False,False,False,False
Metastases to liver,full_faers_excluding_all_dato,3,193,1838,1807881,196,1809719,15.289323831377878,4.88353984851432,47.86761866842462,15.070609691101685,26.57861199098063,2.323234802441354,-1.3804679554337094,0.19936626858167372,12.823553974915944,4.2199754225348745,True,True,False,True,False
Meningitis,full_faers_excluding_all_dato,1,195,624,1809095,196,1809719,14.867644641683103,2.080486414768676,106.2476811298697,14.796891352694923,2.7626398826844465,1.4018057264113717,-3.004494532618029,0.06768273648209999,8.9028319006179,0.8959408612257825,False,False,False,False,False
Breast pain,full_faers_excluding_all_dato,1,195,656,1809063,196,1809719,14.142143527204503,1.9791153774371764,101.05536333260126,14.075091774514682,2.5861644740995464,1.393025726125706,-3.003566543958504,0.0711480925899835,8.47601435015731,0.8529878673902598,False,False,False,False,False
Erythema multiforme,full_faers_excluding_all_dato,1,195,689,1809030,196,1809719,13.464552863682036,1.884424666733307,96.20664971084551,13.40095820621427,2.421653553628297,1.3840269698742085,-3.0026544644542583,0.07472174107623838,8.076702548351752,0.812802928080953,False,False,False,False,False
Incorrect drug administration rate,full_faers_excluding_all_dato,1,195,711,1809008,196,1809719,13.047769483212521,1.8261740676151847,93.22456796759538,12.986301271563477,2.320634937729003,1.3780588315335347,-3.002071290826314,0.0771041734004083,7.8307603026392,0.7880524093813676,False,False,False,False,False
Pelvic fracture,full_faers_excluding_all_dato,1,195,748,1808971,196,1809719,12.40210475798711,1.7359243927614083,88.60535808440997,12.34393075411983,2.1644373288063434,1.368076852891609,-3.001134538557511,0.08111099140014863,7.44926306301054,0.7496602472869182,False,False,False,False,False
Oral pain,full_faers_excluding_all_dato,2,194,1527,1808192,196,1809719,12.20769786455485,3.0286238574506483,49.206469395543095,12.093333600630821,10.764513446451684,1.9092461738788986,-1.9909582148765395,0.1655790465298094,9.480621764563255,2.2656987190509112,False,False,False,False,False
Metastases to central nervous system,full_faers_excluding_all_dato,2,194,1539,1808180,196,1809719,12.112430752329468,3.0050100576877417,48.822125687947256,11.999038601795492,10.659966918582725,1.9064321329382108,-1.990770027015527,0.16687855507026572,9.407293246759078,2.248174517264925,False,False,False,False,False
Intraocular pressure increased,full_faers_excluding_all_dato,1,195,813,1808906,196,1809719,11.410136562904091,1.597245227600149,81.50984841553243,11.35702362125662,1.9252992922119927,1.3507064628586225,-2.9996192823995393,0.08814999599428702,6.861978662521348,0.6905585931804044,False,False,False,False,False
Disseminated intravascular coagulation,full_faers_excluding_all_dato,1,195,904,1808815,196,1809719,10.261033582936237,1.4365620802705275,73.2922103654008,10.213783411594726,1.6499087876312373,1.3267340077207044,-2.997766334779751,0.09800460242608078,6.179885609987727,0.6219158238071354,False,False,False,False,False
Oral discomfort,full_faers_excluding_all_dato,1,195,969,1808750,196,1809719,9.572384959381864,1.3402472637525575,68.36839461551575,9.528648301425832,1.4859647927358173,1.3098514708003548,-2.996626113320636,0.10504360702021918,5.770194377219375,0.5806863453647024,False,False,False,False,False
Compression fracture,full_faers_excluding_all_dato,1,195,985,1808734,196,1809719,9.416811141481192,1.3184866803848063,67.25614554440834,9.373868227494043,1.4490664055639648,1.3057258944574608,-2.99636807141028,0.10677628507416094,5.677544802536603,0.5713625099087365,False,False,False,False,False
Intestinal perforation,full_faers_excluding_all_dato,1,195,1011,1808708,196,1809719,9.174506074209338,1.2845933132361362,65.52389837189777,9.132799410565411,1.3917114409707647,1.2990468935482447,-2.9959674141782937,0.1095918869118163,5.5331735759311655,0.5568336406068102,False,False,False,False,False
Candida infection,full_faers_excluding_all_dato,2,194,2064,1807655,196,1809719,9.028884959641973,2.240513979062507,36.384849358788465,8.946957562094605,7.289513995179395,1.788400520540962,-1.9860277014761007,0.22373205371522972,7.028826979196514,1.6797636989085867,False,False,False,False,False
Posterior reversible encephalopathy syndrome,full_faers_excluding_all_dato,1,195,1045,1808674,196,1809719,8.875838547417494,1.2428136471558313,63.38883556686947,8.835655697685771,1.3212215515979582,1.2903592121218763,-2.995477814330762,0.11327382777644254,5.355102479942511,0.5389133683967484,False,False,False,False,False
Inappropriate antidiuretic hormone secretion,full_faers_excluding_all_dato,1,195,1045,1808674,196,1809719,8.875838547417494,1.2428136471558313,63.38883556686947,8.835655697685771,1.3212215515979582,1.2903592121218763,-2.995477814330762,0.11327382777644254,5.355102479942511,0.5389133683967484,False,False,False,False,False
Osteomyelitis,full_faers_excluding_all_dato,1,195,1099,1808620,196,1809719,8.43946711462635,1.1817662874944013,60.26962008695568,8.401510649755807,1.2186896866554928,1.2766677647358071,-2.9947784076527233,0.11912161620849598,5.094695733016096,0.5127072075128095,False,False,False,False,False
Ascites,full_faers_excluding_all_dato,2,194,2262,1807457,196,1809719,8.237655755785866,2.0442902703798427,33.19439187969298,8.163802125624786,6.431071945209787,1.746278959142886,-1.985799502397372,0.245173944632759,6.4169464724128575,1.5335352220365517,False,False,False,False,False
Pneumocystis jirovecii pneumonia,full_faers_excluding_all_dato,1,195,1170,1808549,196,1809719,7.927017313171159,1.1100685758786788,56.60695640679316,7.891675388103959,1.0990879460585574,1.2588615358645696,-2.994000337614502,0.12681037507286252,4.788533534376788,0.4818964242715082,False,False,False,False,False
Hepatic function abnormal,full_faers_excluding_all_dato,3,193,3660,1806059,196,1809719,7.670343158073558,2.4510899959928656,24.003265591549127,7.568246068919372,11.176474618594463,1.964697871114947,-1.382190617989382,0.39667498197429163,6.463225742375969,2.1269184686611102,True,True,False,True,False
Cerebral haemorrhage,full_faers_excluding_all_dato,2,194,2522,1807197,196,1809719,7.387350082163558,1.833390106420131,29.766137084158704,7.322173040508828,5.513423704512425,1.6927720777906017,-1.9865946793468798,0.2733299630093126,5.758662135832417,1.3762170613504638,False,False,False,False,False
Bacteraemia,full_faers_excluding_all_dato,1,195,1269,1808450,196,1809719,7.308197450041422,1.0234781357899787,52.18455392558752,7.276012769173863,0.9560734075961779,1.2343943754163267,-2.993172257846167,0.13753132053162717,4.418308172700149,0.44463861315129904,False,False,False,False,False
Metastases to lung,full_faers_excluding_all_dato,1,195,1286,1808433,196,1809719,7.211520516808231,1.0099492731112034,51.49370324723208,7.179829085600025,0.9338942675274496,1.2302343734718326,-2.9930590738950285,0.1393722909639403,4.3604179160343515,0.43881279873710843,False,False,False,False,False
Paraesthesia oral,full_faers_excluding_all_dato,1,195,1307,1808412,196,1809719,7.095568242010476,0.9937226772119045,50.66513005246781,7.064468404041035,0.9073583450253934,1.2251120535358326,-2.992930688862373,0.14164643090973886,4.290967465734804,0.431823618558431,False,False,False,False,False
Faeces soft,full_faers_excluding_all_dato,1,195,1340,1808379,196,1809719,6.920700344431688,0.9692505604269417,49.415595113320634,6.890492689613158,0.8674817043330256,1.2170992594177106,-2.992754118106234,0.14522007939599374,4.186191731894398,0.4212794611194906,False,False,False,False,False
Melaena,full_faers_excluding_all_dato,1,195,1374,1808345,196,1809719,6.7493188519389395,0.9452654786288092,48.19101722747504,6.7199855924902705,0.8285775553060112,1.2088899379625044,-2.9926038400588535,0.14890202026061997,4.08346134688642,0.4109411383649392,False,False,False,False,False
Oral candidiasis,full_faers_excluding_all_dato,1,195,1494,1808225,196,1809719,6.206792983901417,0.8693325091200136,44.31478029506141,6.18022771357539,0.706748025305702,1.1802836333859188,-2.992321133045129,0.16189710566518317,3.757972765459664,0.37818543509905966,False,False,False,False,False
Underdose,full_faers_excluding_all_dato,4,192,6426,1803293,196,1809719,5.84634363004461,2.1713689512512993,15.741099098274548,5.747438658002883,11.33028156802236,1.9113216667031117,-0.9973711744641258,0.6963199929278446,5.113975822732564,2.004993771127749,True,True,False,True,False
Lacrimation increased,full_faers_excluding_all_dato,2,194,3425,1806294,196,1809719,5.436959891639702,1.3495373589173232,21.90419751477942,5.391684790704603,3.440766860113392,1.520988064965275,-1.9971193315794218,0.37111798067865065,4.24590353657024,1.0146948631553274,False,False,False,False,False
Pain of skin,full_faers_excluding_all_dato,1,195,1746,1807973,196,1809719,5.310227039093019,0.7438283871673502,37.909969145033955,5.288236084811931,0.5111808641902931,1.1219955570991202,-2.9928914959357145,0.18918678501476588,3.219126745289145,0.32395840118795627,False,False,False,False,False
Ocular discomfort,full_faers_excluding_all_dato,1,195,1762,1807957,196,1809719,5.261960476148898,0.737071209517801,37.56520088563361,5.240215779842016,0.5009142519145752,1.118373042741685,-2.9929771859202265,0.19091946306870763,3.1900843349314894,0.32103570395651637,False,False,False,False,False
Wound infection,full_faers_excluding_all_dato,1,195,1859,1807860,196,1809719,4.987131211983283,0.6985946071354436,35.60216106952535,4.9667887057996944,0.44309111636170195,1.0966041632325259,-2.9936147780897984,0.20142382377072957,3.0246515132650127,0.3043872906905546,False,False,False,False,False
Hypocalcaemia,full_faers_excluding_all_dato,1,195,1879,1807840,196,1809719,4.933993804669696,0.6911550154449295,35.22262635806434,4.913922407707096,0.432045318804711,1.0921562913355882,-2.9937708398764724,0.20358967133815675,2.99265268383976,0.3011670727741085,False,False,False,False,False
Hepatic failure,full_faers_excluding_all_dato,1,195,2110,1807609,196,1809719,4.3932652813221535,0.6154446781294064,31.36070636069803,4.375952703356224,0.3226047476065892,1.0417532828162175,-2.9961453772241873,0.22860521074194093,2.6667933972756948,0.26837406341465225,False,False,False,False,False
No adverse event,full_faers_excluding_all_dato,9,187,19649,1790070,196,1809719,4.384604896141181,2.2458437133492,8.560150459711004,4.229189365195923,19.27939974466123,1.8535167761901947,-0.11708197465072101,2.1288115740241946,4.018901178208468,2.2231238631667605,True,True,False,True,False
Throat tightness,full_faers_excluding_all_dato,1,195,2149,1807570,196,1809719,4.313443342759304,0.6042676445734786,30.790649868945785,4.29653801958196,0.3069776629712001,1.0334147606420527,-2.996644814150085,0.23282861349842396,2.6186535773327697,0.2635294889893029,False,False,False,False,False
Pleural effusion,full_faers_excluding_all_dato,2,194,4430,1805289,196,1809719,4.20117986549068,1.0428929021055633,16.9239930836328,4.168514764822407,2.1734794341936117,1.3511453685028765,-2.0189707081068895,0.47995182094186745,3.2853732562058577,0.7851453378313994,False,False,False,False,False
Neutrophil count decreased,full_faers_excluding_all_dato,2,194,4490,1805229,196,1809719,4.1449016141253185,1.0289267745659239,16.69721287797816,4.112810781328121,2.1172858912940433,1.3416111932550991,-2.020521799947545,0.48644936364414904,3.2415923720797717,0.7746824910322411,False,False,False,False,False
Pneumonia aspiration,full_faers_excluding_all_dato,1,195,2250,1807469,196,1809719,4.119587464387465,0.5771222739199553,29.40624828334412,4.103671201814058,0.26970384753145576,1.0120415177415638,-2.9980619047515025,0.24376614371393132,2.501701652862248,0.2517599746255801,False,False,False,False,False
Conjunctivitis,full_faers_excluding_all_dato,1,195,2256,1807463,196,1809719,4.10861747590471,0.5755861284621678,29.32790894111885,4.092757182660298,0.26762529945794633,1.0107817292254362,-2.998151557872059,0.24441589798415947,2.4950818661044836,0.25109378913369507,False,False,False,False,False
Mucosal inflammation,full_faers_excluding_all_dato,1,195,2391,1807328,196,1809719,3.876348271831333,0.5430602581239412,27.66926082280246,3.8616730255464793,0.22447548323279828,0.982723482583349,-3.000324051967684,0.2590353690642931,2.3548781750738104,0.23698432182135182,False,False,False,False,False
Lip swelling,full_faers_excluding_all_dato,1,195,2536,1807183,196,1809719,3.6544184259483945,0.5119807755151534,26.084522448081394,3.6408754747955965,0.18497568467586561,0.9531825312885988,-3.0029723594065527,0.27473776392814026,2.220840685246961,0.2234953931958799,False,False,False,False,False
Cardiac failure congestive,full_faers_excluding_all_dato,1,195,2570,1807149,196,1809719,3.606004190362167,0.5052005597752806,25.738819898959573,3.592708250615421,0.17661463805050795,0.9463423648741394,-3.0036379767811217,0.2784197047927665,2.1915905302765277,0.22055178948329282,False,False,False,False,False
Glossodynia,full_faers_excluding_all_dato,1,195,2621,1807098,196,1809719,3.5357379743491912,0.49535994052710525,25.237089236469792,3.5228005357045524,0.16465855250207628,0.9361425414118102,-3.0046669264101005,0.2839426160897059,2.1491319847203907,0.2162789528963952,False,False,False,False,False
Dysarthria,full_faers_excluding_all_dato,1,195,2680,1807039,196,1809719,3.4577860696517413,0.48444278813695973,24.680488173760153,3.445246344806579,0.15165648174795032,0.9244320163783158,-3.0059018362474554,0.29033186641361614,2.1020207451640807,0.21153789016347252,False,False,False,False,False
Blister,full_faers_excluding_all_dato,2,194,5639,1804080,196,1809719,3.298237788011693,0.8188029047743194,13.285703363823055,3.2747863820115737,1.2982912207601556,1.1702286114037068,-2.0540601126542537,0.6108773063928417,2.582545177211715,0.617182020885024,False,False,False,False,False
Therapeutic response unexpected,full_faers_excluding_all_dato,1,195,2840,1806879,196,1809719,3.2626923076923076,0.4571191507474514,23.28749753159167,3.2511479591836734,0.12044963359112319,0.8931449219421945,-3.0094802466383483,0.3076586469530337,1.9840736616498067,0.1996682274805779,False,False,False,False,False
Skin irritation,full_faers_excluding_all_dato,1,195,2843,1806876,196,1809719,3.259244027165237,0.4566361955984809,23.262876948880255,3.247717271924598,0.11991665395093228,0.8925647208971298,-3.009550422573669,0.3079835240881478,1.9819884382131674,0.19945837999580837,False,False,False,False,False
Ocular hyperaemia,full_faers_excluding_all_dato,2,194,5749,1803970,196,1809719,3.2349328345763406,0.8030909116115375,13.030642350591108,3.2121273974888265,1.2396400956907139,1.1548406586243956,-2.057584282757378,0.6227894680136913,2.5332383759299306,0.6053985789042245,False,False,False,False,False
Emotional disorder,full_faers_excluding_all_dato,1,195,2891,1806828,196,1809719,3.205044834100524,0.4490451837663184,22.875899263491785,3.193794605355113,0.11163100697034409,0.8833130982357564,-3.0106881011129447,0.31318155824997307,1.9492111013625737,0.1961598166022245,False,False,False,False,False
Inflammation,full_faers_excluding_all_dato,2,194,5981,1803738,196,1809719,3.1090515153656684,0.7718473205536032,12.52346295413001,3.087530581535406,1.1244385555084468,1.1229144133947415,-2.0651590184481217,0.6479132997958468,2.4351798755092817,0.581964354407942,False,False,False,False,False
Feeding disorder,full_faers_excluding_all_dato,1,195,2985,1806734,196,1809719,3.1039539578233044,0.4348864012272379,22.15413069964608,3.093219498854818,0.09666058481316364,0.8653654079491672,-3.012995093482404,0.3233610418168809,1.8880639998643265,0.1900062480086181,False,False,False,False,False
Pneumonitis,full_faers_excluding_all_dato,1,195,2988,1806731,196,1809719,3.100832389386606,0.4344491897261409,22.13184357215641,3.090113856787695,0.09620885243050054,0.8647962697898192,-3.013070401162702,0.323685918951995,1.8861756062455368,0.18981620858924694,False,False,False,False,False
Product prescribing issue,full_faers_excluding_all_dato,2,194,6253,1803466,196,1809719,2.973362064559527,0.7381687121435418,11.976776882467654,2.95322571696198,1.0026183722101394,1.0863617599685924,-2.0742629759557856,0.6773688267128567,2.32946262607649,0.556699826134411,False,False,False,False,False
Skin disorder,full_faers_excluding_all_dato,1,195,3152,1806567,196,1809719,2.9392278406872316,0.4118142244709297,20.97805220441278,2.9293338210918884,0.07376282232936515,0.8340201309814993,-3.017338404904157,0.34144586900489804,1.7883930514948976,0.17997581316292602,False,False,False,False,False
Chest discomfort,full_faers_excluding_all_dato,3,193,9582,1800137,196,1809719,2.920204982788324,0.9334290002743095,9.135774803435215,2.890814090194625,2.0704667418396823,1.186315884439623,-1.5492628798210484,1.0379824466894854,2.4743437474548324,0.8142570945298865,False,False,False,False,False
Oedema peripheral,full_faers_excluding_all_dato,2,194,7230,1802489,196,1809719,2.5701743879311576,0.6380920994961797,10.352418388494481,2.5541522002992068,0.6588116999084753,0.9622152371159569,-2.108548349791847,0.7831704803816754,2.015221353395411,0.48160179283371773,False,False,False,False,False
Hepatic enzyme increased,full_faers_excluding_all_dato,2,194,7332,1802387,196,1809719,2.534275678989432,0.6291812672247586,10.207794719392144,2.51861980471403,0.6298177130182451,0.9498493391091785,-2.1122425261441777,0.7942163029755541,1.987233983262712,0.4749133128759708,False,False,False,False,False
Alopecia,full_faers_excluding_all_dato,4,192,14848,1794871,196,1809719,2.518396136404454,0.9355083674094274,6.779542888985354,2.487408460151302,2.2434706672604308,1.0938048673400076,-1.2661240841317911,1.6083584035714384,2.2160802524413707,0.8688400681741975,False,False,False,False,False
Nausea,full_faers_excluding_all_dato,16,180,68027,1741692,196,1809719,2.2758179350355987,1.3647454572792337,3.7951013105075884,2.1716695321755495,9.324914761918404,1.0682984608813306,-0.156758680831111,7.368538301522447,2.1110651714640882,1.3677305996461158,True,True,False,False,False
Amnesia,full_faers_excluding_all_dato,1,195,4162,1805557,196,1809719,2.224715681563351,0.3117276216367255,15.877193807232343,2.2184671321676195,0.005377732175000957,0.6577165686560478,-3.0490169976385646,0.4508211711599716,1.3555939098666643,0.13642085896219955,False,False,False,False,False
Hyponatraemia,full_faers_excluding_all_dato,1,195,4177,1805542,196,1809719,2.2167081023676665,0.310605859918954,15.820032540225128,2.2105004079678316,0.005010332980281513,0.6552539671791475,-3.049544499269735,0.452445556835542,1.350739183004805,0.1359323011399039,False,False,False,False,False
Hypoacusis,full_faers_excluding_all_dato,1,195,4216,1805503,196,1809719,2.1961550625212864,0.30772662737291745,15.673317255035656,2.190052230569647,0.00412151454063561,0.6488708067140886,-3.0509224675439137,0.456668959592025,1.338278124971065,0.1346782764440362,False,False,False,False,False
Platelet count decreased,full_faers_excluding_all_dato,2,194,8635,1801084,196,1809719,2.1503041446044926,0.5338683102116558,8.660952197125386,2.138566347210569,0.34258355504453186,0.8005543993558341,-2.160702883815324,0.9353212719934362,1.687797965712292,0.40335347025704665,False,False,False,False,False
Therapy cessation,full_faers_excluding_all_dato,1,195,4323,1805396,196,1809719,2.1416703737314426,0.3000939204751358,15.284388242376975,2.1358455248858736,0.0021573413933433008,0.6315016956926462,-3.0547496982457334,0.46825624407776056,1.3052416638625781,0.13135363595348226,False,False,False,False,False
Off label use,full_faers_excluding_all_dato,26,170,124227,1685492,196,1809719,2.0750813382901034,1.3733095274550216,3.1354639827625275,1.9324685077006003,11.5770115618662,0.925142739835843,-0.010095381957124339,13.455652889776593,1.8991763768852865,1.3572924309566698,True,False,False,False,False
Malaise,full_faers_excluding_all_dato,7,189,32322,1777397,196,1809719,2.03667837752981,0.9577540000648588,4.331027396613904,1.9996541497608882,2.616025101151175,0.9065356279662699,-0.8440528282442689,3.500984300367697,1.8735847625190227,0.9488932696578373,False,False,False,False,False
Herpes zoster,full_faers_excluding_all_dato,1,195,4609,1805110,196,1809719,2.0084561421076934,0.2814316998076529,14.333481542865004,2.0033109577091843,1.1974105623013048e-06,0.5860768873622714,-3.065291403998544,0.4992278642919695,1.224449319618347,0.12322305870675222,False,False,False,False,False
Feeling hot,full_faers_excluding_all_dato,1,195,4686,1805033,196,1809719,1.9753690753690754,0.2767963920902888,14.097304355945676,1.9703927025355594,0.0,0.5740876155860786,-3.0682010844824674,0.5075663774265642,1.2043784154604462,0.1212032134083633,False,False,False,False,False
Eye pruritus,full_faers_excluding_all_dato,1,195,4788,1804931,196,1809719,1.9331780305464517,0.27088562255126514,13.796144891669899,1.9284169181457043,0.0,0.5583575989664477,-3.0720985498871,0.518612200020443,1.1787825817879611,0.11862736411453056,False,False,False,False,False
Pyrexia,full_faers_excluding_all_dato,6,190,29369,1780350,196,1809719,1.9143171012757814,0.8492314586432654,4.315207505491496,1.8863278022571348,1.7184860716737564,0.8203072380768597,-1.0242107910891494,3.1810886146586994,1.7480378114158162,0.8325674131433561,False,False,False,False,False
Lung disorder,full_faers_excluding_all_dato,1,195,4875,1804844,196,1809719,1.8985867192636423,0.26603950121559466,13.549234283232018,1.8940020931449502,0.0,0.5450750308870201,-3.0754599044608795,0.5280336369387513,1.1577952532379039,0.11651529399730622,False,False,False,False,False
Dehydration,full_faers_excluding_all_dato,2,194,9972,1799747,196,1809719,1.8606190115829477,0.46195641386297587,7.494003768266253,1.851837184934142,0.1641551497058053,0.6619047591982474,-2.211872039474616,1.0801081818759444,1.46178852856314,0.3493412646276366,False,False,False,False,False
Skin burning sensation,full_faers_excluding_all_dato,1,195,5334,1804385,196,1809719,1.734768730831723,0.24308869625308693,12.379936195545298,1.731019910776459,0.0,0.47695354048202393,-3.0936986958663764,0.5777398386112055,1.0583788520770068,0.10651047563497365,False,False,False,False,False
Dysphonia,full_faers_excluding_all_dato,1,195,5401,1804318,196,1809719,1.7131851176657693,0.24006478554718608,12.22587994612223,1.7095464180858417,0.0,0.46727353737888727,-3.096424651784705,0.5849954279620866,1.0452773845601275,0.1051920030162129,False,False,False,False,False
Completed suicide,full_faers_excluding_all_dato,1,195,5463,1804256,196,1809719,1.6936838498617741,0.237332604090377,12.0866873486554,1.6901446465461525,0.0,0.45837341615596494,-3.0989601474248394,0.5917095554211109,1.0334393212101356,0.10400067369634772,False,False,False,False,False
Pulmonary embolism,full_faers_excluding_all_dato,1,195,5593,1804126,196,1809719,1.6541977838598614,0.23180046286450723,11.804852649178484,1.650860040064658,0.0,0.43988824798931353,-3.104315116782405,0.6057875646093878,1.009467927031544,0.10158830066887774,False,False,False,False,False
Cough,full_faers_excluding_all_dato,5,191,28818,1780901,196,1809719,1.6177543558254566,0.6656609404039476,3.9316249413764126,1.6019953161360316,0.6188911427159537,0.6029194487688636,-1.3106532995734612,3.1213112217977086,1.4617591166576822,0.6420338786172537,False,False,False,False,False
Cardiac arrest,full_faers_excluding_all_dato,1,195,5771,1803948,196,1809719,1.603017741226024,0.22462988457771557,11.439554819324817,1.5999411200973197,0.0,0.414955931017914,-3.1117265296898835,0.6250636079594898,0.9783938196549176,0.09846114261000155,False,False,False,False,False
Constipation,full_faers_excluding_all_dato,4,192,23879,1785840,196,1809719,1.5580635705012773,0.5788023154093813,4.194112609943859,1.5466745180420676,0.3271085504097714,0.5440247868053738,-1.5458407018426812,2.5863468726431904,1.3784699999023835,0.5404452150917575,False,False,False,False,False
Anaphylactic reaction,full_faers_excluding_all_dato,1,195,6045,1803674,196,1809719,1.5301257661555427,0.21441722321654688,10.919294752215627,1.5274210428588308,0.0,0.37739979592125494,-3.1232956322272596,0.6547357196332424,0.9341304739270417,0.09400667907133636,False,False,False,False,False
Injection site reaction,full_faers_excluding_all_dato,1,195,6099,1803620,196,1809719,1.5165327649341422,0.21251273396769912,10.822276783980218,1.5138973936844782,0.0,0.37011216732164526,-3.1255964947968935,0.6605835080652959,0.9258752999110759,0.09317591557945018,False,False,False,False,False
Febrile neutropenia,full_faers_excluding_all_dato,1,195,6342,1803377,196,1809719,1.458228820480476,0.20434381862655415,10.406144444065673,1.4558909183351674,0.0,0.33776586733877717,-3.136026167398402,0.6868985560095363,0.8904635527864901,0.08961223701396934,False,False,False,False,False
Cardiac failure,full_faers_excluding_all_dato,1,195,6351,1803368,196,1809719,1.4561550977233546,0.2040532692730441,10.391343771064104,1.4538277757961946,0.0,0.3365816727078438,-3.1364146904041914,0.6878731874148786,0.8892039532950567,0.08948547660045686,False,False,False,False,False
Cataract,full_faers_excluding_all_dato,1,195,6449,1803270,196,1809719,1.433949210968904,0.20094199390258458,10.232855261878115,1.4317351843823278,0.0,0.3237496363464797,-3.1406549020376446,0.6984858404952718,0.8757154761769496,0.08812805708038456,False,False,False,False,False
Therapy non-responder,full_faers_excluding_all_dato,1,195,6617,1803102,196,1809719,1.3974122597970262,0.19582275588869544,9.972084270639975,1.395384646226633,0.0,0.3020139603013902,-3.1479625766189905,0.7166789600616603,0.8535203000575745,0.08589443462974941,False,False,False,False,False
Dyspnoea,full_faers_excluding_all_dato,7,189,47316,1762403,196,1809719,1.3795372640372219,0.6487476426174802,2.9335336852845235,1.365982361750178,0.37902283186342084,0.41510925836341567,-1.1621189772281606,5.124720221667868,1.2800824023434423,0.6483088464906298,False,False,False,False,False
Renal failure,full_faers_excluding_all_dato,1,195,6774,1802945,196,1809719,1.3649057860749623,0.19126820000111408,9.740081230701493,1.363044021860294,0.0,0.28199326364198446,-3.1548321652799447,0.7336808634659638,0.8337718431782906,0.0839070389716243,False,False,False,False,False
Eye pain,full_faers_excluding_all_dato,1,195,6796,1802923,196,1809719,1.3604707142964942,0.19064678960002684,9.708427654835019,1.358631577999063,0.0,0.27920987868886304,-3.1557976683576214,0.7360632957901337,0.8310773085804363,0.08363587315886345,False,False,False,False,False
Dry skin,full_faers_excluding_all_dato,2,194,14665,1795054,196,1809719,1.2618964432462452,0.3133188167822583,5.082307694861985,1.2592240305600588,0.0,0.25958231724669045,-2.391289251184223,1.5883243135727367,0.9943939028914875,0.23764232430773163,False,False,False,False,False
Dry mouth,full_faers_excluding_all_dato,1,195,7374,1802345,196,1809719,1.2534302782472027,0.17564887646899996,8.944477721746994,1.2521372666234922,0.0,0.20794285101398505,-3.181377751383275,0.7986562904887798,0.7660357782069973,0.07709038680253032,False,False,False,False,False
Decreased appetite,full_faers_excluding_all_dato,3,193,22834,1786885,196,1809719,1.216405995785759,0.3888577889889775,3.805101989677479,1.2130936591155688,0.00029696088837385167,0.23540001307627137,-1.994826899994023,2.473073044866748,1.0391741541680064,0.34197145338183826,False,False,False,False,False
Eye irritation,full_faers_excluding_all_dato,1,195,7706,1802013,196,1809719,1.1992074108087605,0.16805133951780674,8.557494502959736,1.198191046467899,0.0,0.16854497356925996,-3.1962182301261257,0.8346093601080714,0.7330814979706513,0.07377401662440998,False,False,False,False,False
Wheezing,full_faers_excluding_all_dato,1,195,7806,1801913,196,1809719,1.1837790785523299,0.1658895544657326,8.447384835840722,1.1828414301923689,0.0,0.1568859488073313,-3.2007039425129102,0.8454385979452074,0.7237040279902814,0.07283031032689487,False,False,False,False,False
Renal impairment,full_faers_excluding_all_dato,1,195,7852,1801867,196,1809719,1.176814007863422,0.16491362129523218,8.39767630003289,1.1759118955784045,0.0,0.15155427420695844,-3.2027694543247542,0.85042004735029,0.7194704824431725,0.07240426539132194,False,False,False,False,False
Somnolence,full_faers_excluding_all_dato,2,194,16427,1793292,196,1809719,1.1254365612560162,0.27943973481563267,4.532667676082082,1.1241565963452405,0.0,0.13344140606095747,-2.4562630606841322,1.779135484263073,0.8878137406307695,0.21217157533080824,False,False,False,False,False
Swelling,full_faers_excluding_all_dato,1,195,8574,1801145,196,1809719,1.0772849341778663,0.15096763018207743,7.68736203917962,1.0768906232892037,0.0,0.07035325927240124,-3.2353139567586284,0.9286071445344118,0.6589662463204302,0.06631539187054306,False,False,False,False,False
Rash,full_faers_excluding_all_dato,5,191,43747,1765972,196,1809719,1.0567498001658033,0.43483429636381726,2.568151016349749,1.055302101181982,0.0,0.07041331737378498,-1.6559334882758492,4.738008138503742,0.963098993361448,0.42301236582267043,False,False,False,False,False
White blood cell count decreased,full_faers_excluding_all_dato,1,195,8926,1800793,196,1809719,1.0345995851933563,0.1449864792261631,7.382731875381037,1.0344230566974717,0.0,0.032363054590887626,-3.251229027290342,0.9667260617211305,0.633013045482327,0.06370357875646616,False,False,False,False,False
Sepsis,full_faers_excluding_all_dato,1,195,9121,1800598,196,1809719,1.012371000705613,0.1418717470870047,7.224095453206437,1.0123078833550743,0.0,0.011740128933434004,-3.260049028337051,0.9878430755035458,0.6194967176940619,0.06234335647052278,False,False,False,False,False
Muscular weakness,full_faers_excluding_all_dato,1,195,9256,1800463,196,1809719,0.9975306384770516,0.13979226543199724,7.118186200255051,0.9975432372603319,0.0,-0.0023665271328000685,-3.2661546129950105,1.0024625465836794,0.6104724640863244,0.0614351962761609,False,False,False,False,False
Pruritus,full_faers_excluding_all_dato,5,191,48744,1760975,196,1809719,0.9457332592632692,0.38915487789340825,2.298343020954527,0.9471176148943083,0.0,-0.07142448751234944,-1.755864530663174,5.279145153225428,0.8643980632026923,0.37966094061805067,False,False,False,False,False
Cerebrovascular accident,full_faers_excluding_all_dato,1,195,9768,1799951,196,1809719,0.9449752199752199,0.13242797049538216,6.743123548800093,0.9452559586488157,0.0,-0.054647765170488256,-3.2892901121820044,1.0579082443098156,0.5785114581575118,0.05821878474585724,False,False,False,False,False
Migraine,full_faers_excluding_all_dato,1,195,9793,1799926,196,1809719,0.9425497542724133,0.1320881016723777,6.725814271163603,0.9428428677710234,0.0,-0.057152682987497,-3.290418462624091,1.0606155537690996,0.5770363374129435,0.058070335245175464,False,False,False,False,False
Palpitations,full_faers_excluding_all_dato,1,195,10042,1799677,196,1809719,0.9190512667310118,0.1287953628387313,6.55811833798315,0.91946427047218,0.0,-0.08186711556997844,-3.301647550976353,1.0875803559835684,0.5627445598218294,0.056632075187435696,False,False,False,False,False
Fatigue,full_faers_excluding_all_dato,7,189,73260,1736459,196,1809719,0.8778773723218167,0.4128425746778731,1.866737415432466,0.8822388947388947,0.024773201713557826,-0.16937050436151452,-1.5885667837702342,7.934257686134432,0.8268673149727608,0.41877413062582675,False,False,False,False,False
Myelosuppression,full_faers_excluding_all_dato,1,195,10661,1799058,196,1809719,0.8653914699876617,0.12127619241926386,6.17518064665467,0.8660782482020103,0.0,-0.14153161646704998,-3.32946903966546,1.1546133381954402,0.5301055666681597,0.05334743407974369,False,False,False,False,False
Hypoaesthesia,full_faers_excluding_all_dato,1,195,11490,1798229,196,1809719,0.8025837405994064,0.11247504439418843,5.726965160529582,0.8035909664126747,0.0,-0.21775823856713616,-3.3664478038312367,1.2443877198652975,0.4918967749110087,0.04950227355380783,False,False,False,False,False
Intentional product use issue,full_faers_excluding_all_dato,1,195,11595,1798124,196,1809719,0.795269402151679,0.11145009011778799,5.674768152544958,0.796313946018252,0.0,-0.2271318527912637,-3.371103979549671,1.2557584195942904,0.4874467454785721,0.04905444265610205,False,False,False,False,False
Vision blurred,full_faers_excluding_all_dato,1,195,11912,1797807,196,1809719,0.7739693650875652,0.1084653184903484,5.52276604569554,0.7751225826126286,0.0,-0.25506728832421677,-3.3851196070856036,1.2900871035380115,0.474487385827308,0.04775027113219826,False,False,False,False,False
Myalgia,full_faers_excluding_all_dato,1,195,13807,1795912,196,1809719,0.667038830173472,0.09348095314128184,4.759694740026191,0.6687376116521787,0.0,-0.4116440151718515,-3.467430837967355,1.4953011605517386,0.40941844672360655,0.0412020264848325,False,False,False,False,False
Seizure,full_faers_excluding_all_dato,1,195,14174,1795545,196,1809719,0.6496347592015717,0.09104205789594094,4.635498473082075,0.6514223369607473,0.0008064540471378156,-0.44009781536552206,-3.4830523944144165,1.5350444634140277,0.3988261644316886,0.04013606695365131,False,False,False,False,False
Anaemia,full_faers_excluding_all_dato,1,195,14385,1795334,196,1809719,0.6400306587167901,0.08969619682257923,4.566963356403197,0.6418672369886431,0.0021689237461663276,-0.4562062805280722,-3.4919840469053853,1.5578941552503847,0.3929808229295362,0.039547818140458095,False,False,False,False,False
Feeling abnormal,full_faers_excluding_all_dato,1,195,14564,1795155,196,1809719,0.6321012824033972,0.08858501950399944,4.510379220472828,0.6339783166768492,0.003817376289303779,-0.46973214378143907,-3.4995323742464346,1.5772784909788582,0.3881546638652389,0.039062135252502066,False,False,False,False,False
Acute kidney injury,full_faers_excluding_all_dato,1,195,14962,1794757,196,1809719,0.615150518064567,0.08620963038392003,4.389418655316343,0.6171140358295437,0.009018540091918386,-0.499359559871989,-3.5162202639982336,1.6203788575706595,0.37783738332167255,0.03802385065734203,False,False,False,False,False
Hypersensitivity,full_faers_excluding_all_dato,1,195,15223,1794496,196,1809719,0.6045157715130782,0.08471932976120868,4.313529380344317,0.6065335481890319,0.013516951886017096,-0.5184634092051345,-3.5270916545758286,1.6486431683255844,0.37136420007733345,0.037372418682039554,False,False,False,False,False
Toxicity to various agents,full_faers_excluding_all_dato,1,195,16996,1792723,196,1809719,0.5409185268328596,0.07580705771761406,3.8597046433454434,0.5432607792469776,0.06364731274029138,-0.6419439824248806,-3.599406632383752,1.8406455551780057,0.3326501243863794,0.033476408659239267,False,False,False,False,False
Death,full_faers_excluding_all_dato,4,192,67797,1741922,196,1809719,0.535275036751872,0.19885884750049931,1.4408177889545424,0.5447592196753032,1.1432576623463977,-0.8013576337297634,-2.4736043748426795,7.342331545956578,0.4857059913002192,0.1904266897053915,False,False,False,False,False
Erythema,full_faers_excluding_all_dato,1,195,17211,1792508,196,1809719,0.5340973050925988,0.07485115097960801,3.811029323849555,0.5364743596584529,0.07174631065075053,-0.6562238483797783,-3.607992772015828,1.863928416527848,0.32849742443264257,0.033058499659665196,False,False,False,False,False
Back pain,full_faers_excluding_all_dato,1,195,19078,1790641,196,1809719,0.4813279357885711,0.067456154277032,3.434476575984851,0.48397422183046607,0.15678264603678224,-0.7746206755570136,-3.680896966318205,2.0661102869471772,0.2963695294520905,0.029825293167666907,False,False,False,False,False
Insomnia,full_faers_excluding_all_dato,1,195,19325,1790394,196,1809719,0.47511035923972533,0.06658482978817397,3.3901093413471832,0.4777883676109512,0.16977414087835893,-0.7895809779100027,-3.690321871089998,2.092858504404903,0.29258376867289976,0.029444311272157055,False,False,False,False,False
Product use issue,full_faers_excluding_all_dato,1,195,21102,1788617,196,1809719,0.4346694565346826,0.06091745733705732,3.101533529194459,0.43755379604215866,0.2730631198130223,-0.8928671491494127,-3.7566479204885765,2.2852940607708097,0.26795867386113603,0.026966152760382067,False,False,False,False,False
Pain in extremity,full_faers_excluding_all_dato,1,195,21528,1788191,196,1809719,0.4259666599967603,0.05969784448613874,3.039432947548482,0.4288954015273891,0.30010279883691215,-0.9165666372440807,-3.7721694836138746,2.3314266139570092,0.2626590837871496,0.026432825910225385,False,False,False,False,False
Abdominal pain,full_faers_excluding_all_dato,1,195,22048,1787671,196,1809719,0.4157993282721149,0.05827298834680451,2.9668820202357544,0.41877994394419593,0.33415942527207176,-0.9449776790434306,-3.790922095516352,2.387738650710116,0.25646751688862074,0.025809734534208272,False,False,False,False,False
Fall,full_faers_excluding_all_dato,1,195,28239,1781480,196,1809719,0.3235169401110121,0.04534033799781516,2.3083906111118013,0.3269683842941192,0.8065802623715478,-1.2461756827206953,-3.998934879308166,3.058176765207206,0.20026349479108413,0.02015361516404192,False,False,False,False,False
Asthenia,full_faers_excluding_all_dato,1,195,31364,1778355,196,1809719,0.2907718795679515,0.04075131506747795,2.0747376080374402,0.2943903903864823,1.0778121315488298,-1.3772498038314565,-4.094329206132073,3.396590447617706,0.18031723439856528,0.01814631345220495,False,False,False,False,False
Diarrhoea,full_faers_excluding_all_dato,2,194,62798,1746921,196,1809719,0.28678452889201606,0.07121143994902059,1.154945975965295,0.294062237780873,2.817843538858404,-1.546118828763331,-3.618198437328097,6.800761361721407,0.23236876776994117,0.05553197169532347,False,False,False,False,False
Dizziness,full_faers_excluding_all_dato,1,195,41424,1768295,196,1809719,0.21891124679363383,0.03068036942108408,1.5619803436855075,0.2228963934936663,2.0343479088215157,-1.732923788911268,-4.366204738650564,4.486011774033587,0.13653853223729495,0.013740622256913106,False,False,False,False,False
Vomiting,full_faers_excluding_all_dato,1,195,43055,1766664,196,1809719,0.2104242337618252,0.02949094251275064,1.501422280251205,0.21445268154875466,2.197709796828063,-1.7831455611468108,-4.405988382580054,4.662636643157275,0.13136758803773432,0.013220241747517751,False,False,False,False,False
Pain,full_faers_excluding_all_dato,1,195,45771,1763948,196,1809719,0.19763359287512136,0.027698372325403037,1.4101564010281917,0.20172729903392175,2.4734992640355955,-1.8630817591814117,-4.469961971591836,4.956758742813889,0.12357433617471555,0.012435964018381037,False,False,False,False,False
Product dose omission issue,full_faers_excluding_all_dato,1,195,71751,1737968,196,1809719,0.12421647656836017,0.01740908892881975,0.8863033047935629,0.12868475985117464,5.26920222454971,-2.462958799278075,-4.972409815855764,7.770194732901821,0.0788370108050026,0.007933801305649506,False,False,False,False,False
Drug ineffective,full_faers_excluding_all_dato,1,195,103985,1705734,196,1809719,0.0841213044780867,0.011789751890844417,0.6002156731211872,0.0887941549654434,8.977397286352753,-2.9709629879969666,-5.422572063800278,11.26089125732424,0.05440125783074861,0.005474697302693536,False,False,False,False,False
