pt,a,b,c,d,n_pt_total,ror,ror_ci_lower,ror_ci_upper,ror_signal,prr,chi2,prr_signal,ic,ic025,expected_count,bcpnn_signal,ebgm,eb05,mgps_signal,consensus_signal,strict_signal,signal_category
Stomatitis,64,352,5549,1804170,5613,59.115319713625716,45.23388871717752,77.25670120236876,True,50.17450129614484,3010.1775349078457,True,5.171297121970446,3.02864058309,1.2899634557643491,True,49.19450083631223,39.849613157797044,True,True,True,Clinical AE
Disease progression,86,330,10626,1799093,10712,44.1233332762977,34.77589151077874,55.98328194714463,True,35.208413416293844,2818.2559520225127,True,4.868153557980939,3.19720360154912,2.4618009154013376,True,34.72513446634473,28.973806520392575,True,True,True,Administrative/case-context
Prescribed underdose,9,407,2072,1807647,2081,19.29176548433305,9.951838622418936,37.397332254172184,True,18.896030173373923,134.73587680760176,True,3.279653269874193,0.27711621601652414,0.4782494123366489,True,17.820799187751376,9.856643329816979,True,True,True,Administrative/case-context
Interstitial lung disease,16,400,4750,1804969,4766,15.199738947368422,9.21436456160455,25.07303271142959,True,14.653595141700405,189.9836964603113,True,3.3705588064298864,1.0260638020562634,1.095308360978601,True,14.176382690533183,9.184225448233786,True,True,True,Clinical AE
No adverse event,42,374,19649,1790070,19691,10.230744757662757,7.4344397979058465,14.078819809116908,True,9.298794565783343,305.4981245681953,True,3.0801729508223343,1.7462938433870845,4.525328773820737,True,9.17840710874461,7.0646507816261295,True,True,True,Administrative/case-context
Dry eye,13,403,7622,1802097,7635,7.626890749189528,4.388194170795647,13.255899861314875,True,7.419800413277356,66.09748610480256,True,2.581981666750453,0.5476196577184576,1.7546536584287913,True,7.1475490928221435,4.400335241673085,True,True,True,Clinical AE
Infusion related reaction,14,402,8548,1801171,8562,7.338248509441562,4.305103780332898,12.508383986542894,True,7.12494206921997,67.92562427884071,True,2.554817415731267,0.6076093531270461,1.9676941222615993,True,6.882031120636986,4.3177531420826645,True,True,True,Clinical AE
Off label use,66,350,124227,1685492,124293,2.558506880836809,1.9666584794929765,3.3284668017076915,True,2.311243769934815,51.291939337897624,True,1.1940883862511276,0.5653270448135501,28.5646584370779,True,2.294723444950888,1.864970534366241,False,True,False,Administrative/case-context
Seizure anoxic,1,415,3,1809716,4,1453.5871485943776,150.88711935094886,14003.286746062757,False,1450.0953525641028,271.01918147521275,False,1.5823124879735797,-3.032094486894146,0.0009192684523530013,False,216.50339258299405,21.662026229206237,True,False,False,Clinical AE
Troponin,1,415,3,1809716,4,1453.5871485943776,150.88711935094886,14003.286746062757,False,1450.0953525641028,271.01918147521275,False,1.5823124879735797,-3.032094486894146,0.0009192684523530013,False,216.50339258299405,21.662026229206237,True,False,False,Clinical AE
Infectious iridocyclitis,1,415,4,1809715,5,1090.1897590361446,121.58928206026413,9774.822998940119,False,1087.571514423077,216.6158321995261,False,1.5816507446626618,-3.0319629979880904,0.0011490855654412515,False,200.16140223682868,20.026945045060945,True,False,False,Clinical AE
Procedural shock,1,415,4,1809715,5,1090.1897590361446,121.58928206026413,9774.822998940119,False,1087.571514423077,216.6158321995261,False,1.5816507446626618,-3.0319629979880904,0.0011490855654412515,False,200.16140223682868,20.026945045060945,True,False,False,Clinical AE
Allergic respiratory disease,1,415,14,1809705,15,311.48106712564544,40.864642292640944,2374.1907364059484,False,310.7347184065934,71.54191581646745,False,1.5750499524080452,-3.030663857038111,0.003447256696323755,False,114.06413636543529,11.412570880674023,True,False,False,Clinical AE
Breast haemorrhage,1,415,15,1809704,16,290.7155020080321,38.31265054415166,2205.942473501959,False,290.0190705128205,67.00851358855198,False,1.5743915311881902,-3.0305355086498946,0.003677073809412005,False,109.36012852183816,10.941916171411991,True,False,False,Clinical AE
Corneal epitheliopathy,1,415,19,1809700,20,229.51173113506658,30.653158572770398,1718.4406821751668,False,228.96242408906886,53.408536228967854,False,1.5717608471221658,-3.030024941292208,0.004596342261765006,False,93.87457003426124,9.392524403783186,True,False,False,Clinical AE
Laryngopharyngitis,1,415,22,1809697,23,198.2143483023001,26.655348618601536,1473.9603835264654,False,197.74027534965037,46.31310525130191,False,1.5697909772783443,-3.0296449718659297,0.005285793601029758,False,84.86211753719272,8.490792656987885,True,False,False,Clinical AE
Urinary bladder rupture,1,415,26,1809693,27,167.71946246524558,22.70623458982614,1238.858780320843,False,167.31869452662724,39.30551000708656,False,1.5671686611295048,-3.029142266607723,0.006205062053382759,False,75.23190595537307,7.527251654746005,True,False,False,Clinical AE
Neurosis,1,415,33,1809686,34,132.14209565534867,18.030717910519147,968.4325122739698,False,131.82685023310023,31.01027323363817,False,1.5625910459763372,-3.0282732419111063,0.007813781845000511,False,62.766943038402154,6.280082497569879,True,False,False,Clinical AE
Corneal erosion,1,415,34,1809685,35,128.25549255846917,17.515444222999523,939.14097535795,False,127.9495899321267,30.096156701349386,False,1.561938285025271,-3.0281502018089665,0.008043598958088762,False,61.31562678705228,6.1348725295941415,True,False,False,Clinical AE
Nail bed disorder,1,415,36,1809683,37,121.13005354752343,16.5684543252148,885.5678136551622,False,120.84127938034187,28.4161959389479,False,1.5606336484990435,-3.027904947346206,0.008503233184265262,False,58.60544128990198,5.863707682591669,True,False,False,Clinical AE
Fungal pharyngitis,1,415,42,1809677,43,103.82541594951233,14.256055068320155,756.150067141923,False,103.57823946886448,24.31422216910689,False,1.5567268027560506,-3.027175761501727,0.009882135862794765,False,51.74408723674911,5.177201897652099,True,False,False,Clinical AE
Nail operation,1,415,50,1809669,51,87.21296385542169,12.019287894904812,632.8246008377467,False,87.00572115384615,20.34680346575787,False,1.551534078311544,-3.0262187444306257,0.011720672767500766,False,44.757341919213545,4.4781502175856005,True,False,False,Clinical AE
Carcinoembryonic antigen increased,4,412,202,1809517,206,86.9709218494665,32.17589755724723,235.08097121108338,True,86.1442783701447,251.88755073171424,True,3.0394096736708103,-1.0084571665956719,0.047342325296179565,False,72.36900620519958,28.359567937717642,True,False,False,Clinical AE
Keratitis,5,411,309,1809410,314,71.2371750958669,29.286840854937548,173.2769724387543,True,70.3929782798108,271.7981417319918,True,3.264934582829432,-0.6629727901623488,0.0721625735097106,False,61.58393180766557,27.040021423662992,True,False,False,Clinical AE
Coronavirus test positive,1,415,65,1809654,66,67.0863392029657,9.287026461059645,484.60903245255287,False,66.9274778106509,15.501439657316384,False,1.5418478108586682,-3.0244706097428296,0.01516792946382452,False,35.71524616201857,3.5734525446183385,True,False,False,Clinical AE
Malignant ascites,1,415,66,1809653,67,66.06984300839723,9.148380258993209,477.15814511132413,False,65.91342511655012,15.255610291756769,False,1.5412043661514205,-3.0243561890088158,0.015397746576912771,False,35.240614151512546,3.525963722673614,True,False,False,Clinical AE
Malignant pleural effusion,2,414,135,1809584,137,64.75519770978708,15.976778711535657,262.4581404138737,False,64.44868233618234,68.51514249589202,False,2.2338273650226625,-2.0373030311660214,0.03148494449309029,False,47.246762502998344,11.273052869770158,True,False,False,Clinical AE
Oncologic complication,1,415,71,1809648,72,61.41686746987952,8.512926916468395,443.0945604050342,False,61.27163461538462,14.128987926139256,False,1.537991440251764,-3.02378802379794,0.016546832142354022,False,33.04489041185513,3.3062728223459596,True,False,False,Clinical AE
Incorrect product formulation administered,1,415,73,1809646,74,59.73414754910051,8.28279330229209,430.79288027509926,False,59.59295969441518,13.72101132380241,False,1.5367082706979587,-3.02356258870913,0.017006466368530523,False,32.24135051418761,3.2258754570584154,True,False,False,Administrative/case-context
Ocular toxicity,3,413,235,1809484,238,55.9317088248931,17.83650538727485,175.3906375799655,True,55.53556669394436,109.3611710529474,True,2.657584464952426,-1.4288831413027223,0.054696472915003576,False,45.37166347008627,14.919236284689728,True,False,False,Clinical AE
Anal ulcer,1,415,81,1809638,82,53.83424066636918,7.474535006388474,387.7332122530075,False,53.70723528015195,12.288341643973428,False,1.531586974956292,-3.022671237215523,0.018845003273236526,False,29.38333724676569,2.939919853205324,True,False,False,Clinical AE
Rectal prolapse,1,415,82,1809637,83,53.17769615045548,7.384459617494773,382.9484504418674,False,53.052268996247655,12.128701518592912,False,1.5309480893560283,-3.0225609809655345,0.019074820386324777,False,29.061322029488466,2.9077009489209997,True,False,False,Clinical AE
Angular cheilitis,1,415,88,1809631,89,49.551779846659365,6.886520794594511,356.5485328816717,False,49.435068837412594,11.24630478834399,False,1.5271207058070608,-3.021904831055271,0.020453723064854278,False,27.268304013601664,2.7283023592444424,True,False,False,Clinical AE
Vascular pain,1,415,99,1809620,100,44.045758792746746,6.128844302053558,316.54073296963884,False,43.942283411033415,9.904019985693582,False,1.5201300993569509,-3.0207256749095377,0.022981711308825033,False,24.4973470771604,2.4510570878375213,True,False,False,Clinical AE
Tumour pain,1,415,103,1809616,104,42.33515030997778,5.89306911144514,304.130991487541,False,42.23578696788648,9.486448293770806,False,1.5175964355765967,-3.0203044475305485,0.023900979761178033,False,23.624377073231738,2.363712964048957,True,False,False,Clinical AE
Respiratory syncytial virus test positive,1,415,108,1809611,109,40.37507809013833,5.622687903053168,289.92306862694335,False,40.280426460113965,9.007676363410972,False,1.5144356003446477,-3.0197835278444147,0.025050065326619287,False,22.616926239574738,2.2629134979392163,True,False,False,Clinical AE
Duodenal perforation,1,415,116,1809603,117,37.5904237640216,5.238151746671055,269.7592637816829,False,37.50246601458886,8.326960159799217,False,1.5093926242520297,-3.018962929359759,0.026888602231325286,False,21.172312401061998,2.118374133047087,True,False,False,Clinical AE
Lung carcinoma cell type unspecified stage IV,1,415,119,1809600,120,36.64270527488104,5.1071707635037615,262.902478111119,False,36.55702569489335,8.095154277367456,False,1.5075060436487253,-3.018659259193757,0.02757805357059004,False,20.6770470197082,2.068820860217004,True,False,False,Clinical AE
Pharyngeal inflammation,1,415,123,1809596,124,35.45099422078558,4.942389445258805,254.28449238207747,False,35.36817933083177,7.803579313794766,False,1.5049944343392698,-3.018257781614706,0.028497322022943042,False,20.05164619670479,2.0062470184400256,True,False,False,Clinical AE
Infusion related hypersensitivity reaction,1,415,134,1809585,135,32.54064017263082,4.539596442199241,233.2571355905913,False,32.464821326062,7.091120849832505,False,1.4981099697460598,-3.0171736802354348,0.031025310266913794,False,18.51188532812307,1.8521878144525574,False,False,False,Clinical AE
Blood sodium abnormal,1,415,135,1809584,136,32.299580544399824,4.506210229908934,231.516695874452,False,32.22434116809117,7.032087044358964,False,1.4974857353108084,-3.0170765665775465,0.031255127380002044,False,18.383551844234812,1.8393475385524594,False,False,False,Clinical AE
Tumour marker increased,3,413,417,1809302,420,31.51709721810929,10.082200950239951,98.52287431665518,True,31.297021997786388,59.875453734554945,True,2.552704798828569,-1.4081655961842805,0.09652318749706514,False,26.08929157200012,8.578753250240794,True,False,False,Clinical AE
Pharyngeal paraesthesia,2,414,283,1809436,285,30.8877622437309,7.661512793781195,124.52551892880065,False,30.744071079097584,31.42992676723782,False,2.1443345811481023,-2.0195206958085072,0.06549787723015134,False,23.40170989902308,5.583635765899708,True,False,False,Clinical AE
Sialoadenitis,1,415,149,1809570,150,29.26449421848468,4.0855489601846,209.6194734685122,False,29.19655072276717,6.288582214854037,False,1.488774695411639,-3.01574189080649,0.03447256696323755,False,16.75718527008304,1.6766230889848854,False,False,False,Clinical AE
Metastases to pleura,1,415,150,1809569,151,29.06938152610442,4.058486872431453,208.21280661281554,False,29.001907051282053,6.240773090697169,False,1.4881544863164902,-3.015648323361103,0.034702384076325796,False,16.65195848558495,1.6660947303360076,False,False,False,Clinical AE
Troponin I increased,1,415,165,1809554,166,26.42649142022636,3.691685372815426,189.17090116233294,False,26.36537004662005,5.593089482845902,False,1.4788832035280597,-3.0142726873367067,0.038149640772649554,False,15.218490298737503,1.5226705322587477,False,False,False,Clinical AE
Catheter site infection,2,414,338,1809381,340,25.860860989623532,6.419707028168097,104.17673706762184,False,25.74133761948111,25.884222587238455,False,2.112442741523514,-2.0141246941237925,0.07813781845000511,False,19.70580071797848,4.7017937646167525,True,False,False,Clinical AE
Tongue discolouration,1,415,171,1809548,172,25.49916155851476,3.562880082311993,182.49484270189362,False,25.440269343229872,5.365815133561838,False,1.4751913089143964,-3.0137369201546416,0.03952854345117906,False,14.711906059474567,1.4719847626396434,False,False,False,Clinical AE
Eastern Cooperative Oncology Group performance status worsened,1,415,174,1809545,175,25.05947929649633,3.501789894863825,179.3304342823653,False,25.001644009725904,5.2580575469470245,False,1.473348898444817,-3.013472106851294,0.04021799479044381,False,14.47105405103376,1.4478865604731266,False,False,False,Clinical AE
Lung opacity,3,413,563,1809156,566,23.34204086547766,7.474864598075439,72.89106907781472,True,23.180920378467004,43.202164061481476,True,2.4737560466077197,-1.3959591165677474,0.1300764860079497,False,19.45620854863308,6.397644484263498,True,False,False,Clinical AE
Body height increased,1,415,200,1809519,201,21.80143373493976,3.04873622255232,155.9014877650055,False,21.75143028846154,4.459760608914984,False,1.4574791377251939,-3.0112614381187033,0.046193239730738314,False,12.672963327592713,1.2679804262136312,False,False,False,Clinical AE
Oral pain,7,409,1527,1808192,1534,20.26656931548348,9.58468583221147,42.85313457421151,True,19.942372235655633,107.3128663523797,True,3.1370520937387374,-0.09480392038118479,0.352539451477376,False,18.50280553619366,9.369140697459471,True,False,False,Clinical AE
Exfoliative rash,1,415,218,1809501,219,20.0011163921742,2.7981056803963607,142.96981695009896,False,19.955440631616092,4.018961224971167,False,1.446593756459018,-3.0098177300607913,0.05032994776632682,False,11.669156689363975,1.1675455763623674,False,False,False,Clinical AE
Leukoencephalopathy,1,415,219,1809500,220,19.909776090664025,2.7853843791504724,142.31399692895405,False,19.864319898138394,3.9966071285612084,False,1.4459914145343518,-3.009739563024187,0.05055976487941507,False,11.618031851592264,1.1624303328386418,False,False,False,Clinical AE
Ulcerative keratitis,1,415,242,1809477,243,18.017295628796177,2.521694366674118,128.73207239764966,False,17.976388668150033,3.533763702464911,False,1.4322065093605063,-3.0079998439623425,0.055845558480444826,False,10.554483379899434,1.0560180747442995,False,False,False,Clinical AE
Abnormal sensation in eye,1,415,254,1809465,255,17.165970970496158,2.403001488509988,122.62604112768607,False,17.127110463355546,3.3258028231822423,False,1.4250663342407934,-3.007135677337703,0.058603363837503836,False,10.073364199294726,1.0078801856087367,False,False,False,Clinical AE
Infusion site rash,1,415,263,1809456,264,16.578459846992533,2.321063432004735,118.41353713498296,False,16.541011626206494,3.1824031604791005,False,1.4197342983011647,-3.0065067492508777,0.06067171785529808,False,9.74035832990708,0.9745616228319918,False,False,False,Clinical AE
Performance status decreased,1,415,292,1809427,293,14.931729658359465,2.0912848150747267,106.61223616371207,False,14.898239923603795,2.781127046647817,False,1.4026861301440312,-3.004589664735002,0.06733641413485734,False,8.802691949930868,0.8807443690931002,False,False,False,Clinical AE
Oxygen therapy,1,415,294,1809425,295,14.830136874026719,2.07710337637932,105.88445534460627,False,14.796891352694924,2.7564091879983414,False,1.40151778710588,-3.004463501625245,0.06779604836103384,False,8.744635945647591,0.8749356347700796,False,False,False,Clinical AE
Oral candidiasis,5,411,1494,1808225,1499,14.724143939912123,6.087128108593125,35.61620700198445,True,14.55919028678818,50.179121887139004,True,2.703269375831983,-0.6015601646916018,0.3444958525192872,False,13.166587579070038,5.78113153487016,True,False,False,Clinical AE
Jaundice cholestatic,1,415,300,1809419,301,14.5334859437751,2.0356898767956624,103.75952451578173,False,14.500953525641027,2.684263058112827,False,1.398018424268004,-3.0040896193583277,0.06917495103956335,False,8.574973516684304,0.8579602334035411,False,False,False,Clinical AE
Pulmonary toxicity,3,413,940,1808779,943,13.977479264334656,4.481418499001604,43.595554985197396,True,13.88389167348609,24.074171559870603,True,2.2878783601274844,-1.378268241202873,0.21671753764222004,False,11.745297826041567,3.862121423348235,True,False,False,Clinical AE
Vein disorder,1,415,314,1809405,315,13.885388688512009,1.9451940779829537,99.11814004234631,False,13.85441419647232,2.5268143444966786,False,1.389886102586081,-3.003243841931665,0.07239239062279886,False,8.203588319187444,0.8208016660788655,False,False,False,Clinical AE
Osteonecrosis of jaw,3,413,1069,1808650,1072,12.2898909845367,3.941203231415703,38.32368227241647,True,12.20847350147514,20.632293554109584,True,2.2294037216628007,-1.3758004850854566,0.24636394523060434,False,10.342709702030199,3.400918504349649,True,False,False,Clinical AE
Amylase increased,1,415,387,1809332,388,11.265726471778587,1.579134432574298,80.37098699066047,False,11.241049244682966,1.893673748613015,False,1.3482089751255895,-2.999413376539956,0.08916903987824112,False,6.692258262697343,0.6695870780112609,False,False,False,Clinical AE
Mucosal inflammation,6,410,2391,1807328,2397,11.061774336689414,4.935715963372714,24.791307357205888,True,10.916652591448702,44.53303955160989,True,2.628853285184994,-0.34416543215286,0.550871620072536,False,10.056989288782862,4.788849703870298,True,False,False,Clinical AE
Atypical pneumonia,1,415,401,1809318,402,10.872325211068715,1.5241251738636972,77.55757697747443,False,10.848593660080567,1.799223124274418,False,1.340351882457243,-2.9987851384690756,0.09238647946147663,False,6.463880427989743,0.6467369665807488,False,False,False,Clinical AE
Cystitis haemorrhagic,1,415,417,1809302,418,10.455069197653925,1.4657696968510596,74.57411090061507,False,10.432340665928795,1.699290206967153,False,1.3314244342153636,-2.9981072308710184,0.09606355327088864,False,6.221246991588067,0.6224605254556945,False,False,False,Clinical AE
Vulvovaginal pruritus,1,415,423,1809296,424,10.30673616451622,1.4450218995573543,73.51363352865931,False,10.284364202582289,1.6638312528746702,False,1.3280908323299254,-2.997863867594633,0.09744245594941814,False,6.1348904159891315,0.6138202063208732,False,False,False,Clinical AE
Metastases to liver,4,412,1838,1807881,1842,9.549642393061264,3.5633323974711986,25.59280461740587,True,9.467434293127983,22.388952197258202,True,2.2850174805564385,-0.9455605692784093,0.4233231223085571,False,8.379921644240751,3.2838775830186995,True,False,False,Clinical AE
Discouragement,1,415,476,1809243,477,9.158869089804597,1.284419509457855,65.30956777477274,False,9.139256423723337,1.3908570831907061,False,1.2989738224163918,-2.995963147541241,0.1096227629430954,False,5.464822741005197,0.5467772682048755,False,False,False,Clinical AE
Circulatory collapse,2,414,986,1808733,988,8.861907281653291,2.205792413648062,35.60325993629505,False,8.824109650491497,7.141903199260698,False,1.7817831372119637,-1.9859415448926512,0.22705930773119132,False,6.888354484302811,1.643557784140998,False,False,False,Clinical AE
Pneumonitis,6,410,2988,1806731,2994,8.848716818493486,3.9490447134321727,19.82752665918487,True,8.735514172072907,33.71496767507376,True,2.4518169184351892,-0.3695606239409752,0.6880724365862214,False,8.057147160585735,3.8365822699091345,True,False,False,Clinical AE
Nasal discomfort,1,415,493,1809226,494,8.84296292675774,1.2402053766288847,63.052454696309205,False,8.824109650491497,1.3162591305586773,False,1.2897575199339686,-2.995445224276626,0.11352965386559566,False,5.279850509462398,0.5282700601489144,False,False,False,Clinical AE
Lung neoplasm malignant,4,412,2046,1807673,2050,8.577821750230143,3.201054377612857,22.98587193435678,True,8.504958079554854,19.49927185460167,True,2.2121959682286865,-0.9517210886440681,0.4711250818309132,False,7.5330735199067105,2.952019399877661,True,False,False,Clinical AE
Therapy change,3,413,1537,1808182,1540,8.545539327736652,2.74175879531597,26.63481650050766,True,8.49112438066163,13.027433191093145,True,2.035184881156982,-1.3777543403740644,0.3539183541559055,False,7.216345424121914,2.372898727096409,True,False,False,Clinical AE
Metastases to central nervous system,3,413,1539,1808180,1542,8.534424573675242,2.738196639068407,26.6001359305343,True,8.480089781076623,13.004978339501239,True,2.0344085380621486,-1.3777926167990446,0.354377988382082,False,7.207035501988079,2.3698374126661297,True,False,False,Clinical AE
Psychiatric symptom,1,415,522,1809197,523,8.351553339795965,1.1714153787158557,59.542024507069144,False,8.333881336575303,1.2007818257170755,False,1.2741702122808367,-2.994660322786116,0.12019435014515492,False,4.991631858657128,0.4994326368688296,False,False,False,Clinical AE
Anuria,1,415,541,1809178,542,8.058160924659822,1.1303375935793296,57.446516736733855,False,8.041194191667852,1.1322107758295858,False,1.2640483989485378,-2.9942116799976226,0.12456087529383167,False,4.819271476255084,0.4821872945214212,False,False,False,Clinical AE
Coronavirus infection,1,415,555,1809164,556,7.854831216758928,1.1018662887152375,55.994428793814976,False,7.8383532571032575,1.0848743054780488,False,1.25663540032921,-2.9939134822413083,0.12777831487706717,False,4.699696810071385,0.47022337319752344,False,False,False,Clinical AE
Aphthous ulcer,2,414,1167,1808552,1169,7.486689103320376,1.8638956696934605,30.071701244412584,False,7.455503098015952,5.6486173756550855,False,1.701517717668984,-1.9863824775720549,0.26865620520016464,False,5.829281241641636,1.3908634612925135,False,False,False,Clinical AE
Central nervous system lesion,1,415,592,1809127,593,7.363753663301856,1.033092289342223,52.48792249559508,False,7.348456178534304,0.9712605017592097,False,1.2372253110555116,-2.9932538581075576,0.13628154806133244,False,4.410483875117757,0.44128646783060366,False,False,False,Clinical AE
Meningitis,1,415,624,1809095,625,6.986001699104109,0.9801788994038517,49.79113483219073,False,6.971612271942801,0.8846588116193866,False,1.220646256258328,-2.992828632766,0.14363569568015644,False,4.187608445833903,0.418986893965304,False,False,False,Clinical AE
Infusion site extravasation,1,415,638,1809081,639,6.8326509800959325,0.9586958255179305,48.6964876378642,False,6.818630184470702,0.8497294003858131,False,1.213452402832195,-2.992683538475904,0.14685313526339197,False,4.09703034877318,0.409924194804279,False,False,False,Clinical AE
Metastases to lung,2,414,1286,1808433,1288,6.793461356413551,1.691494083147782,27.28423212406361,False,6.765608176815409,4.901855371516804,False,1.6510797088304103,-1.988043457632455,0.29600444165766643,False,5.294133404423139,1.2631774666865458,False,False,False,Clinical AE
Peritonitis bacterial,1,415,645,1809074,646,6.758472027645466,0.9483034825120301,48.16701086815504,False,6.744629546809779,0.8328846701785227,False,1.209868883338977,-2.9926201355806183,0.14846185505500972,False,4.053194983862267,0.4055382920563439,False,False,False,Clinical AE
Breast pain,1,415,656,1809063,657,6.645103585071995,0.9324200913231184,47.35784017017121,False,6.631533624530957,0.8072087769275744,False,1.2042555608758254,-2.992532659330153,0.15098984329898046,False,3.9861746763545334,0.398832643512913,False,False,False,Clinical AE
Metastasis,1,415,677,1809042,678,6.43890302717517,0.9035284624265636,45.886182801612954,False,6.425828741052153,0.7607322155282793,False,1.1935994900097433,-2.992406269970355,0.15581600267383372,False,3.8641930704514307,0.3866278982891596,False,False,False,Clinical AE
Musculoskeletal chest pain,2,414,1366,1808353,1368,6.395318324244418,1.5924612167962093,25.68357460579242,False,6.369379293839397,4.475520425199669,False,1.6181366786284557,-1.9896947118844406,0.31438981070472644,False,4.986390480355778,1.1897501656500176,False,False,False,Clinical AE
Erythema multiforme,1,415,689,1809030,690,6.326717610645776,0.8878085681259817,45.085570428033364,False,6.313913001004801,0.7355761030985587,False,1.1875454595867996,-2.992357555124432,0.15857380803089272,False,3.7977835745020316,0.3799833638735024,False,False,False,Clinical AE
Incorrect drug administration rate,1,415,711,1809008,712,6.130879636690221,0.8603650275754806,43.688067174819246,False,6.118545791409716,0.6919000906599608,False,1.1765119579384158,-2.9923116705784953,0.16362978451883423,False,3.6817801906059544,0.3683767635581275,False,False,False,Clinical AE
Oropharyngeal discomfort,2,414,1429,1808290,1431,6.113156391246877,1.5222695835369124,24.549318641060765,False,6.0885739085966515,4.174772070144248,False,1.5927133210446411,-1.9912714015098423,0.3288682888292862,False,4.768121955801283,1.1376714096304195,False,False,False,Clinical AE
Pelvic fracture,1,415,748,1808971,749,5.827495006765028,0.817845791311183,41.52335124134664,False,5.815890451460305,0.6249003159203226,False,1.1581438194644647,-2.9923576726064263,0.1721330177030995,False,3.5018842842917817,0.35037746204782627,False,False,False,Clinical AE
Intraocular pressure increased,1,415,813,1808906,814,5.3613894693163795,0.7525100039642635,38.19815934707712,False,5.350905360015139,0.5238170803234173,False,1.1264311316978168,-2.9927945313264073,0.18707113005383577,False,3.2250549106888533,0.3226795812873545,False,False,False,Clinical AE
Lacrimation increased,4,412,3425,1806294,3429,5.120243781447098,1.9114953499735226,13.71538590549583,True,5.080626052779338,9.352744823005505,True,1.8047443778202843,-1.0209491873495842,0.7880428807796104,False,4.510857050822756,1.7676898398661343,False,False,False,Clinical AE
Neoplasm progression,2,414,1735,1807984,1737,5.0341338456612235,1.2537902353078036,20.212714106686526,False,5.014738971403237,3.039187411148398,False,1.4752264675000706,-2.0019135480989636,0.39919232543429084,False,3.9321117854372956,0.9381998193901208,False,False,False,Administrative/case-context
Clostridium difficile colitis,1,415,882,1808837,883,4.9417725323060955,0.6936790094188408,35.20521080998954,False,4.932297117564975,0.43520171913777483,False,1.0935126236316588,-2.9937223257964742,0.20292851085692504,False,2.9753727605354987,0.29769788829372984,False,False,False,Clinical AE
Disseminated intravascular coagulation,1,415,904,1808815,905,4.821449514873654,0.6768074776675325,34.347101933017775,False,4.8122633381552085,0.41029658949369546,False,1.0831728458593064,-2.994112616624638,0.20798448734486655,False,2.9036965235244487,0.2905263954703599,False,False,False,Clinical AE
Akathisia,1,415,954,1808765,955,4.568626708090222,0.6413540350678133,32.544193778508564,False,4.5600482785034675,0.35882719576856514,False,1.0599453501192568,-2.995160412251293,0.21947534299927907,False,2.752972324993801,0.2754458394430664,False,False,False,Clinical AE
Oral discomfort,1,415,969,1808750,970,4.49786763151678,0.6314307411451163,32.03963936560525,False,4.489459295864095,0.3446519321436072,False,1.0530494034983195,-2.995516847900536,0.22292259969560282,False,2.710759539766708,0.2712222822512473,False,False,False,Clinical AE
Ageusia,2,414,1947,1807772,1949,4.485463825183795,1.1172365788915368,18.00816953826721,False,4.46870678756272,2.474436601151482,False,1.3991006936836923,-2.011684930241932,0.44791355340899985,False,3.5062037881350885,0.8365783935635149,False,False,False,Clinical AE
Compression fracture,1,415,985,1808734,986,4.424766680936946,0.6211786904994382,31.51840280449456,False,4.416534068723155,0.33012257732174066,False,1.0457298781248725,-2.995917799723149,0.2265996735050148,False,2.667136479847847,0.26685762146285635,False,False,False,Clinical AE
Breast cancer metastatic,1,415,1004,1808715,1005,4.340985455767292,0.6094283699408813,30.921032982122522,False,4.332954240729391,0.31362182648591297,False,1.0370859010069668,-2.99642122518304,0.23096619865369158,False,2.6171234734372404,0.2618536210925032,False,False,False,Clinical AE
Intestinal perforation,1,415,1011,1808708,1012,4.310912492700774,0.6052105277716322,30.706614751315087,False,4.302953568439474,0.30774009751498954,False,1.0339142880291579,-2.9966140483727903,0.23257491844530934,False,2.5991671930575024,0.2600570237647465,False,False,False,Clinical AE
Candida infection,2,414,2064,1807655,2066,4.230926768527881,1.053879045363385,16.985574767238557,False,4.215393466756113,2.216656874691741,False,1.3587467483891291,-2.0177583253842615,0.4748021556403252,False,3.3084329399635086,0.7893903724288178,False,False,False,Clinical AE
Troponin increased,1,415,1037,1808682,1038,4.202767482659665,0.5900423273228272,29.935571899467213,False,4.19506852236481,0.2867780869434381,False,1.0221946813756155,-2.9973642189230274,0.23855016338560384,False,2.534576074675224,0.25359442526281156,False,False,False,Clinical AE
Inappropriate antidiuretic hormone secretion,1,415,1045,1808674,1046,4.1705747391479795,0.5855268960095582,29.706054108461146,False,4.162953165255797,0.28059762195328436,False,1.0186077184437008,-2.9976056422780277,0.24038870029030984,False,2.515342836328457,0.2516700632074664,False,False,False,Clinical AE
Posterior reversible encephalopathy syndrome,1,415,1045,1808674,1046,4.1705747391479795,0.5855268960095582,29.706054108461146,False,4.162953165255797,0.28059762195328436,False,1.0186077184437008,-2.9976056422780277,0.24038870029030984,False,2.515342836328457,0.2516700632074664,False,False,False,Clinical AE
Rash maculo-papular,2,414,2110,1807609,2112,4.138583236028116,1.0308922969295338,16.614607803887512,False,4.123493893547211,2.123942475271998,False,1.343185160965892,-2.020263404738201,0.48537374284238466,False,3.236654593951622,0.772264096539643,False,False,False,Clinical AE
Product leakage,1,415,1055,1808664,1056,4.1310203848569635,0.5799788182100899,29.424056334971326,False,4.123493893547211,0.27304288288792394,False,1.014136519793115,-2.997914320284676,0.24268687142119233,False,2.491707911424354,0.24930529489095257,False,False,False,Administrative/case-context
Throat tightness,2,414,2149,1807570,2151,4.063388656222532,1.0121738807897396,16.312540448717467,False,4.048660826144539,2.048795955763988,False,1.3301218634053442,-2.0224358295192157,0.49433661025282644,False,3.1781946521872375,0.7583155849515367,False,False,False,Clinical AE
Osteomyelitis,1,415,1099,1808620,1100,3.965532740607562,0.5567656830494989,28.244287310776055,False,3.958404056134948,0.24193005810441237,False,0.9946262205147491,-2.9993614521152576,0.25279882439707535,False,2.3927813899020602,0.23940730263127663,False,False,False,Clinical AE
Sinus tachycardia,1,415,1112,1808607,1113,3.9191449250238364,0.5502585033919647,27.9136021500043,False,3.9121277497232985,0.2333613521994642,False,0.9889119478928386,-2.999816057789186,0.2557864468672226,False,2.3650389546135884,0.23663156155068102,False,False,False,Clinical AE
Pneumonia aspiration,2,414,2250,1807469,2252,3.8807707997852927,0.9667124078739899,15.578968344460609,False,3.86692094017094,1.8677221665863113,False,1.2968310470449582,-2.0282569918055366,0.5175481386747397,False,3.036175891862251,0.7244299828736971,False,False,False,Clinical AE
Ascites,2,414,2262,1807457,2264,3.8601575280735703,0.9615807092550516,15.49616792238574,False,3.846406770727063,1.8474194263139765,False,1.2929262782246913,-2.0289664356844144,0.5203059440317988,False,3.0201415038524817,0.7206041862647323,False,False,False,Clinical AE
Pneumocystis jirovecii pneumonia,1,415,1170,1808549,1171,3.724743074863557,0.5229867703675316,26.52784307334239,False,3.7181932117028276,0.19825761679451703,False,0.9636896913356799,-3.0019882057827183,0.26911583942634115,False,2.248717175071654,0.22499310448355028,False,False,False,Clinical AE
Hepatic function abnormal,3,413,3660,1806059,3663,3.5844460762910333,1.1507707883169198,11.16491120932052,True,3.5658082440100887,3.2735845942608193,False,1.3831636778886436,-1.4879723427913771,0.8418200852422609,False,3.043295787026467,1.000704965573578,False,False,False,Clinical AE
Polyneuropathy,1,415,1223,1808496,1224,3.5632229654513394,0.5003260541951351,25.376567530436816,False,3.557061371784389,0.17019338418029692,False,0.9410210971926014,-3.0041693521104884,0.2812961464200184,False,2.1519980224046464,0.21531596826437457,False,False,False,Clinical AE
Product prescribing issue,5,411,6253,1803466,6258,3.5087119253318018,1.4521500496684396,8.47781493226303,True,3.478559137767718,6.542456692266262,True,1.5047175248830726,-0.8573062792265802,1.4381954937062704,False,3.167017276370277,1.3905610195467195,False,False,False,Administrative/case-context
Pneumonia bacterial,1,415,1253,1808466,1254,3.477852671660304,0.4883482317960087,24.768102796832064,False,3.4718962950457364,0.1558156593726134,False,0.9283459422020288,-3.005482744292549,0.2881906598126659,False,2.100851238295521,0.21019852892223256,False,False,False,Clinical AE
Cerebral haemorrhage,2,414,2522,1807197,2524,3.461705110965532,0.8623789320119403,13.895750267608545,False,3.4498699902397365,1.4613512563209234,False,1.210818780978843,-2.045163576626156,0.5800583934347439,False,2.710046796804583,0.6466157510367098,False,False,False,Clinical AE
Bacteraemia,1,415,1269,1808450,1270,3.4339722958025956,0.48219144621142296,24.455360668445632,False,3.428121400860763,0.14855845387803943,False,0.921631119827673,-3.006205659482677,0.2918677336220779,False,2.074554610221357,0.20756744660852766,False,False,False,Clinical AE
Paraesthesia oral,1,415,1307,1808412,1308,3.3340621860049224,0.4681727656184198,23.743309044182855,False,3.3284514595962573,0.13239468111598493,False,0.905807567247391,-3.007983223452453,0.3006007839194314,False,2.014662357434016,0.20157498831340745,False,False,False,Clinical AE
Glossodynia,2,414,2621,1807098,2623,3.330767656995615,0.8297770083559107,13.369872957638727,False,3.3195620432600594,1.3375730539080244,False,1.180743464098502,-2.0516997091385702,0.6028102876304806,False,2.6080820243732576,0.6222870095615778,False,False,False,Clinical AE
Hypertransaminasaemia,1,415,1317,1808402,1318,3.3087283073066756,0.4646179948697209,23.562761521198148,False,3.303178479644881,0.1283796634731668,False,0.9016721598216765,-3.008464855479304,0.30289895505031394,False,1.9994716697185235,0.20005509954027176,False,False,False,Clinical AE
Alopecia,11,405,14848,1794871,14859,3.2832423704235847,1.8034109448286075,5.977384408060781,True,3.2228681731287305,14.825365419866426,True,1.5546040101009015,-0.09999848790234167,3.4148524833783114,False,3.0893846413569643,1.816869384518035,False,False,False,Clinical AE
Dysarthria,2,414,2680,1807039,2682,3.2573347032951188,0.811492454692684,13.074957515543188,False,3.2464821326061997,1.2689486049866028,False,1.1631134837614046,-2.0556793360030383,0.6163694973026874,False,2.550884017731471,0.6086395950349759,False,False,False,Clinical AE
Faeces soft,1,415,1340,1808379,1341,3.251895342564287,0.4566432236791343,23.15773621645117,False,3.2464821326061997,0.11950244875311158,False,0.8922054690966525,-3.0095939438630293,0.3081847486513437,False,1.9653876180160015,0.19664485449436736,False,False,False,Clinical AE
Melaena,1,415,1374,1808345,1375,3.1713666894652848,0.44534313784707724,22.583859106196865,False,3.1661470580002242,0.10724754518202076,False,0.8783240415092302,-3.011316178081393,0.3159985304963442,False,1.9170787355122523,0.19181135850423547,False,False,False,Clinical AE
Nervousness,2,414,2754,1806965,2756,3.1696802893639116,0.7896662503478856,12.722935964853463,False,3.1592491341265854,1.1878495463526657,False,1.1413015832863853,-2.060753336276476,0.6333759636712178,False,2.4825958620907453,0.5923460767464342,False,False,False,Clinical AE
Skin irritation,2,414,2843,1806876,2845,3.0703023444310205,0.7649201209209556,12.323844318370018,False,3.0603489677751026,1.0970688240606419,False,1.1154978069825037,-2.0669691391277407,0.6538296867360722,False,2.4051574447385327,0.5738693107900911,False,False,False,Clinical AE
Post procedural complication,1,415,1472,1808247,1473,2.9600690806705083,0.41569111459851443,21.078172360754284,False,2.955357376149666,0.07710853875093268,False,0.8390443555437807,-3.016615478893446,0.3385206075789927,False,1.7902440126519017,0.17912103961086387,False,False,False,Clinical AE
Pharyngeal swelling,1,415,1575,1808144,1576,2.766332377127558,0.3885009941059517,19.69774836317972,False,2.762086385836386,0.0524916028591586,False,0.7988818038056839,-3.0226776480841715,0.3621917702270825,False,1.6738511879196802,0.1674754741896464,False,False,False,Clinical AE
Underdose,4,412,6426,1803293,6430,2.7245096528363235,1.0173875355244089,7.296091793155466,True,2.7079278292513584,2.7780034336346824,False,1.1860838685706618,-1.226335066610724,1.4777240371574496,False,2.408253764303076,0.943733233621637,False,False,False,Administrative/case-context
Acute myocardial infarction,1,415,1639,1808080,1640,2.6582179848129552,0.3733265720938187,18.92745757461727,False,2.6542318838879244,0.04025157738496318,False,0.7744781580393956,-3.0266751931056675,0.37690006546473054,False,1.608857050316257,0.16097255201040023,False,False,False,Clinical AE
Eating disorder,1,415,1667,1808052,1668,2.6135283786616172,0.36705393637378975,18.609065069700673,False,2.6096497046744496,0.035547033954560714,False,0.7639300101332789,-3.028475906174889,0.38333494463120155,False,1.5819827514819718,0.15828367143770136,False,False,False,Clinical AE
Leukocytosis,1,415,1667,1808052,1668,2.6135283786616172,0.36705393637378975,18.609065069700673,False,2.6096497046744496,0.035547033954560714,False,0.7639300101332789,-3.028475906174889,0.38333494463120155,False,1.5819827514819718,0.15828367143770136,False,False,False,Clinical AE
Disability,1,415,1704,1808015,1705,2.556726907630522,0.35908109699722457,18.204390414493076,False,2.5529847756410255,0.029891680029344333,False,0.7501086357345446,-3.030901554021844,0.3918381778154668,False,1.5478176148704077,0.15486531352388525,False,False,False,Clinical AE
Pain of skin,1,415,1746,1807973,1747,2.4951669219834667,0.3504401074874433,17.765825987208178,False,2.4915727707286988,0.024199152644288804,False,0.7345783126370505,-3.0337162229589496,0.4014904965651733,False,1.5107810655266112,0.15115965933642458,False,False,False,Clinical AE
Ocular discomfort,1,415,1762,1807957,1763,2.4724874526482776,0.3472565985964565,17.604256415029997,False,2.4689478193486423,0.02222296945080031,False,0.7287056978108944,-3.0348050231070167,0.40516757037458534,False,1.4971339121524199,0.14979420731824244,False,False,False,Clinical AE
Weight decreased,13,403,24544,1785175,24557,2.346247161122093,1.3503570373214642,4.076607585200444,True,2.3041769373370276,8.446255002045625,True,1.1357987890156849,-0.24034033914853503,5.643618846108163,False,2.2238933523496303,1.3691233407398276,False,False,False,Clinical AE
Wound infection,1,415,1859,1807860,1860,2.3433508104499765,0.3291291173052023,16.684312423639113,False,2.3401216017710103,0.012325601782626355,False,0.6936057977761912,-3.041590688393383,0.4274598303441456,False,1.4194022795738412,0.1420168480645729,False,False,False,Clinical AE
Pulmonary embolism,3,413,5593,1804126,5596,2.3431130836755907,0.7523663484624878,7.297214892866077,False,2.333427172014469,1.149691562361503,False,0.9705771503753037,-1.629671542293126,1.2860565648418487,False,1.993611609213026,0.6555449014418315,False,False,False,Clinical AE
Hypocalcaemia,1,415,1879,1807840,1880,2.318382631109857,0.32562410238333767,16.506450182561483,False,2.3152134420927664,0.01069820492053576,False,0.6864736906239215,-3.043027396368919,0.4320561726059106,False,1.4043682155825001,0.14051263011848622,False,False,False,Clinical AE
Cytopenia,1,415,1893,1807826,1894,2.3012188214028857,0.32321463643191195,16.38418396654031,False,2.2980908915437444,0.009637288848969153,False,0.6815021116747884,-3.044040384015376,0.4352736121891461,False,1.3940324696425728,0.13947849759530512,False,False,False,Clinical AE
Photophobia,1,415,1954,1807765,1955,2.2293041151299158,0.3131190047923739,15.871910556916214,False,2.2263490571608537,0.005730402776535701,False,0.6600379773320058,-3.0485218403416203,0.4492924560875294,False,1.3507185489462918,0.13514476741667564,False,False,False,Clinical AE
Encephalopathy,1,415,1963,1807756,1964,2.219072111164986,0.3116825747105728,15.799025784880325,False,2.216141649359301,0.005248317542975387,False,0.656897998762227,-3.049192085038292,0.45136081010532364,False,1.3445547880165742,0.13452805860053585,False,False,False,Clinical AE
Acute respiratory failure,1,415,1973,1807746,1974,2.2078127003706665,0.31010190347221434,15.718822958965719,False,2.204909304456314,0.004739967117526605,False,0.6534171302514259,-3.049939451217214,0.4536589812362061,False,1.3377718093340356,0.13384939458340284,False,False,False,Clinical AE
Inflammation,3,413,5981,1803738,5984,2.190639203320604,0.7034212531202013,6.822227929335949,False,2.1820528629120424,0.9231978730231932,False,0.9002907481924294,-1.6586968102357056,1.37522560472009,False,1.86452461761763,0.6130981586601566,False,False,False,Clinical AE
Hyponatraemia,2,414,4177,1805542,4179,2.088203284839106,0.5203255441106907,8.380509102749699,False,2.08297153827738,0.30393699559259907,False,0.7755588747094199,-2.1694979798117053,0.9604057155957981,False,1.6389071985874402,0.391042402051371,False,False,False,Clinical AE
Hepatic failure,1,415,2110,1807609,2111,2.0643053731513734,0.28995468723960277,14.696629718905973,False,2.0617469467736056,0.0004555584642383873,False,0.6065560834583843,-3.060443931253742,0.48514392572929643,False,1.2512907967376332,0.12519662503165802,False,False,False,Clinical AE
Swollen tongue,1,415,2121,1807598,2122,2.0535869077441307,0.2884498531718048,14.620285437088661,False,2.0510542469082074,0.00031208493502643287,False,0.6028587103677869,-3.0613076243206834,0.4876719139732672,False,1.2448294847664196,0.12455014504940162,False,False,False,Clinical AE
Therapy cessation,2,414,4323,1805396,4325,2.017515569457156,0.5027176360069102,8.096730214863761,False,2.01262366768092,0.2583102511092373,False,0.742787525713444,-2.181318167689966,0.9939590141066826,False,1.5836875492395792,0.37786702254237076,False,False,False,Clinical AE
Throat irritation,2,414,4410,1805309,4412,1.9776189380744247,0.4927794381389634,7.936566263805273,False,1.9729188470259897,0.23361360807880735,False,0.7236075785967814,-2.188386864003863,1.0139531029453603,False,1.5525171697019111,0.3704297862560403,False,False,False,Clinical AE
Pleural effusion,2,414,4430,1805289,4432,1.9686688258579514,0.49054995985847055,7.9006365570248915,False,1.9640117641951729,0.22818428556101897,False,0.7192342102912747,-2.1900141312946166,1.0185494452071255,False,1.545524240167133,0.36876127691944555,False,False,False,Clinical AE
Neutrophil count decreased,2,414,4490,1805229,4492,1.9422968916432652,0.4839806586589625,7.794768546619541,False,1.9377666181257496,0.21243206616740964,False,0.7061930914036268,-2.194900521795656,1.0323384719924205,False,1.5249183872278986,0.36384473116467647,False,False,False,Clinical AE
Conjunctivitis,1,415,2256,1807463,2257,1.9305551995214902,0.27117612445807443,13.743995294009322,False,1.9283182879841791,0.0,False,0.558237181303051,-3.0721287348229214,0.5186972242401809,False,1.1706424822453876,0.1171274401425455,False,False,False,Clinical AE
Infusion site pain,1,415,2261,1807458,2262,1.9262806200476386,0.2705759536811687,13.713550582338238,False,1.924053983941755,0.0,False,0.5566107453749378,-3.072536949378896,0.5198463098056222,False,1.1680642565762027,0.11686947840160285,False,False,False,Clinical AE
Musculoskeletal pain,1,415,2285,1807434,2286,1.9060230418391289,0.26773168011772086,13.569271422882416,False,1.9038451018347082,0.0,False,0.5488292751089581,-3.0745033307814644,0.5253619205197403,False,1.155845203256662,0.11564691347850359,False,False,False,Clinical AE
Rhinorrhoea,3,413,7040,1802679,7043,1.8600171279991196,0.5972828472634768,5.7923373026715215,False,1.8538150814029721,0.481944511429692,False,0.7242423825777452,-1.7371793938648947,1.618601927480547,False,1.5844987995717772,0.5210192921228072,False,False,False,Clinical AE
Deafness,1,415,2419,1807300,2420,1.800305811920688,0.25288798948730273,12.816350128000602,False,1.798381999872802,0.0,False,0.5061376253037034,-3.0856814485422555,0.5561574136735657,False,1.0920612574346185,0.10926507580420608,False,False,False,Clinical AE
Dehydration,4,412,9972,1799747,9976,1.752233438092679,0.6543903545583476,4.69188153551296,False,1.745000424264865,0.6394749192501464,False,0.68828737626527,-1.465776210188721,2.292655520168385,False,1.5529397134107317,0.6085574697651044,False,False,False,Clinical AE
Lip swelling,1,415,2536,1807183,2537,1.717136368819125,0.24120972454097098,12.224039950016602,False,1.7154124833171562,0.0,False,0.4698679599840926,-3.0956907981927833,0.583046015904891,False,1.0418613740957543,0.1042423776533089,False,False,False,Clinical AE
Cardiac failure congestive,1,415,2570,1807149,2571,1.6943875111340303,0.23801536020622377,12.062032615876118,False,1.692718310386112,0.0,False,0.45949680885676414,-3.098638574454162,0.5908597977498916,False,1.0281274164594314,0.10286824052317231,False,False,False,Clinical AE
Death,25,391,67797,1741922,67822,1.6427878365786353,1.0963473899991325,2.4615846223821887,True,1.6041587598611695,5.296792540412087,False,0.6646327669959292,-0.23570326375309059,15.586656243871314,False,1.575091938742406,1.1178263205073706,False,False,False,Clinical AE
Hyperglycaemia,1,415,2660,1807059,2661,1.6369770812573603,0.2299537189781482,11.653188200085209,False,1.6354458863504917,0.0,False,0.4323983020686319,-3.106518880022539,0.6115433379278341,False,0.9934616763326645,0.09939979523498584,False,False,False,Clinical AE
Blister,2,414,5639,1804080,5641,1.5455510407591027,0.3851438668169109,6.202170735142708,False,1.5429281992169916,0.03208333672646317,False,0.4768208048806645,-2.2889204882219336,1.2963983349308201,False,1.21476540091201,0.2898423905337342,False,False,False,Clinical AE
Respiratory failure,2,414,5649,1804070,5651,1.5428065161376945,0.3844601113516552,6.191154494203895,False,1.540196869425494,0.03130781100455409,False,0.47497631359912157,-2.2897366738011313,1.2986965060617026,False,1.2126188872071522,0.2893302334842641,False,False,False,Clinical AE
Therapeutic response unexpected,1,415,2840,1806879,2841,1.5330722891566264,0.21536275553423875,10.913264171187123,False,1.5317908653846155,0.0,False,0.3796820815030879,-3.1225787858849063,0.6529104182837192,False,0.9307001744653961,0.09312025714824672,False,False,False,Administrative/case-context
Cough,10,406,28818,1780901,28828,1.5221235564663165,0.8126989081114092,2.8508222393625515,False,1.509572509435876,1.2679442346062035,False,0.5593934452171241,-0.8130834554518886,6.6251677361080805,False,1.441975139150679,0.8244289051907008,False,False,False,Clinical AE
Ocular hyperaemia,2,414,5749,1803970,5751,1.5158864007435024,0.3777533533862985,6.083100412901425,False,1.513406177663005,0.024141534954085938,False,0.4566599519947706,-2.2978921213562176,1.3216782173705277,False,1.1915637281552365,0.28430648352555316,False,False,False,Clinical AE
Emotional disorder,1,415,2891,1806828,2892,1.5059849220472343,0.21155886550026895,10.720376005375826,False,1.504768612138467,0.0,False,0.3650894620610293,-3.1271927857400215,0.66463109105122,False,0.9143340898456249,0.09148276523611887,False,False,False,Clinical AE
Nausea,23,393,68027,1741692,68050,1.498391579365041,0.9839749834737792,2.2817422829041787,False,1.4708362756982238,3.128231487285817,False,0.542104691324913,-0.37204912813109825,15.639054545655435,False,1.4419554130117125,1.0077584090452523,False,False,False,Clinical AE
Oropharyngeal pain,3,413,8829,1800890,8832,1.4816542557173875,0.47580730867720483,4.6138411357921605,False,1.4781807875271178,0.10950902363755241,False,0.4683631011228523,-1.8651363382483872,2.029744742795427,False,1.2638439649873991,0.41558067962524026,False,False,False,Clinical AE
Feeding disorder,1,415,2985,1806734,2986,1.4584843898205888,0.2048882346766455,10.382132086341828,False,1.45738226388352,0.0,False,0.3385739945135617,-3.135761298890512,0.6862338996815155,False,0.885629922327694,0.08861079901774845,False,False,False,Clinical AE
Sepsis,3,413,9121,1800598,9124,1.4339879792077086,0.4605029425177225,4.465381943641044,False,1.430858258203807,0.07792148496565814,False,0.4305914946593966,-1.8853407353634997,2.0968513398171957,False,1.22343305782161,0.40229265299420075,False,False,False,Clinical AE
Skin disorder,1,415,3152,1806567,3153,1.3810829612867714,0.19401823375314872,9.830983970215032,False,1.3801668964759861,0.0,False,0.29263617612040904,-3.151163853180565,0.7246133575672533,False,0.8388445440339606,0.08392973568820414,False,False,False,Clinical AE
Chest discomfort,3,413,9582,1800137,9585,1.3646478490996283,0.43823934671839787,4.249421614004203,False,1.3620181771109292,0.04032156786036983,False,0.37290174770657913,-1.9168249967108166,2.2027970289508794,False,1.1646414345120666,0.38296062827586874,False,False,False,Clinical AE
Product distribution issue,1,415,3208,1806511,3209,1.3569322176486494,0.1906265057947222,9.65901901006182,False,1.356074207510071,0.0,False,0.2775536593860648,-3.15637338666797,0.7374831159001953,False,0.8242434656394467,0.08246883967459821,False,False,False,Administrative/case-context
Cataract,2,414,6449,1803270,6451,1.350821720477953,0.3366286237746633,5.4205708951728075,False,1.3491350775910398,0.00020616835513171183,False,0.3345707006496952,-2.3545549215389174,1.482550196532303,False,1.0624318891958673,0.25349569415840373,False,False,False,Clinical AE
Hypoxia,1,415,3300,1806419,3301,1.319035414384812,0.185304208514504,9.389179222365758,False,1.3182685023310023,0.0,False,0.2531125172341301,-3.1649737279424768,0.7586262903043143,False,0.8013287755823023,0.08017613372144916,False,False,False,Clinical AE
Lactic acidosis,1,415,3314,1806405,3315,1.3134529669674473,0.18452019160302421,9.349430441450483,False,1.312699474258391,0.0,False,0.24942924656223814,-3.166286679353368,0.7618437298875498,False,0.7979529812129564,0.07983837205729814,False,False,False,Clinical AE
Renal failure,2,414,6774,1802945,6776,1.2857808129691675,0.32042353947013336,5.159521993089246,False,1.2844068667529696,0.0,False,0.2812174529643044,-2.380543393203757,1.5572407582859842,False,1.011535997810865,0.24135196104228177,False,False,False,Clinical AE
Eye pain,2,414,6796,1802923,6798,1.2816028468010452,0.31938257867157266,5.142753445602192,False,1.2802489869606557,0.0,False,0.2776761642246126,-2.3822941706730347,1.5622967347739256,False,1.0082663856823333,0.24057183329519558,False,False,False,Clinical AE
Mental disorder,1,415,3535,1806184,3536,1.2311882892247916,0.1729664472631903,8.763691614812153,False,1.2306325481449245,0.0,False,0.19249854946893555,-3.187136676035007,0.8126333118800532,False,0.7481969837419907,0.07486008645439143,False,False,False,Clinical AE
Malaise,9,407,32322,1777397,32331,1.2160020779846286,0.6281096473963431,2.3541447895161616,False,1.2113289561051535,0.1568616290489445,False,0.26056715436797884,-1.099554226537334,7.430217083256221,False,1.151296834736888,0.6367796498458062,False,False,False,Clinical AE
Oedema peripheral,2,414,7230,1802489,7232,1.2043812349242622,0.30014218700690515,4.8328233145189925,False,1.2033986328332802,0.0,False,0.20953664059552357,-2.416597365632292,1.6620373618542263,False,0.9478281805286719,0.22615130909508765,False,False,False,Clinical AE
Pyrexia,8,408,29369,1780350,29377,1.1886282654980342,0.590361323911213,2.393173631667897,False,1.1850007988538411,0.08440893671150221,False,0.22921575189403012,-1.2002403051254984,6.75133733119353,False,1.1190504607769867,0.5948749621063432,False,False,False,Clinical AE
Dry skin,4,412,14665,1795054,14669,1.1883879125717067,0.4438439767451109,3.1818970285532777,False,1.18657649033544,0.004963277445454484,False,0.2171489154630535,-1.7430303585323592,3.371187231891544,False,1.056392545161463,0.41397329774652153,False,False,False,Clinical AE
Hepatic enzyme increased,2,414,7332,1802387,7334,1.1875591345989125,0.29595076178042623,4.765308559048936,False,1.186657407990264,0.0,False,0.1939787725375674,-2.424591905537021,1.685478707389228,False,0.9346607595122024,0.2230095693141288,False,False,False,Clinical AE
Dry mouth,2,414,7374,1802345,7376,1.1807676534212779,0.2942585776135804,4.738051351545874,False,1.1798985781644447,0.0,False,0.18762103889930956,-2.4278760451222214,1.6951310261389343,False,0.9293446121713874,0.22174113933371076,False,False,False,Clinical AE
Fluid retention,1,415,3709,1806010,3710,1.1733166150717727,0.16483834688333007,8.351648176730798,False,1.172899988593235,0.0,False,0.14920432107907444,-3.20368265681022,0.8526214895574087,False,0.71318418602335,0.07135691667265998,False,False,False,Clinical AE
Dysgeusia,1,415,3792,1805927,3793,1.1475821005541151,0.16122385593518038,8.168423152226735,False,1.1472273358893217,0.0,False,0.1290013928512704,-3.211604560035559,0.8716963099437335,False,0.6976118574204732,0.06979884320960315,False,False,False,Clinical AE
Hypoaesthesia,3,413,11490,1798229,11493,1.1368316906795466,0.3650897759620993,3.5399136815802845,False,1.1358449236794537,0.0,False,0.1559986665644555,-2.0417036425529775,2.641288080723261,False,0.9714332016812566,0.3194293610202465,False,False,False,Clinical AE
Surgery,2,414,8130,1801589,8132,1.0705201109982114,0.2667884877241417,4.295587556373857,False,1.0701810720030278,0.0,False,0.07772738394299503,-2.486189553731164,1.8688727636336517,False,0.8430346493846333,0.20114762726775223,False,False,False,Clinical AE
Dysphagia,2,414,8206,1801513,8208,1.0605607302774804,0.2643068878807492,4.255617670903032,False,1.0602695729203773,0.0,False,0.06712917212689373,-2.4919654236807522,1.8863388642283587,False,0.8352366093171526,0.1992870189783331,False,False,False,Clinical AE
Multiple organ dysfunction syndrome,1,415,4134,1805585,4135,1.0524449029791152,0.14786118424595837,7.4910821217570165,False,1.0523188335008002,0.0,False,0.048617347412059725,-3.2443666616070406,0.950293762619915,False,0.6400282325298505,0.06403737232514452,False,False,False,Clinical AE
Amnesia,1,415,4162,1805557,4163,1.0453483323008517,0.14686439936605916,7.4405583692238935,False,1.0452393218866671,0.0,False,0.0422303423371064,-3.247053754547716,0.9567286417863861,False,0.6357319669340286,0.06360751385080833,False,False,False,Clinical AE
Skin exfoliation,2,414,8419,1801300,8421,1.0336064101615108,0.2575905840361864,4.147442792306741,False,1.0334448408818881,0.0,False,0.03783456658944148,-2.5080669859546396,1.935289909316156,False,0.8141308841434826,0.19425120396936768,False,False,False,Clinical AE
Hypoacusis,1,415,4216,1805503,4217,1.0319282823895202,0.14497940941177284,7.345015297799342,False,1.0318515317106993,0.0,False,0.029991830210959955,-3.252236722435332,0.9691387658931516,False,0.6276071127537575,0.06279458984873275,False,False,False,Clinical AE
Hypokalaemia,1,415,4237,1805482,4238,1.026801755049464,0.1442593306619504,7.308517510339076,False,1.026737327753672,0.0,False,0.025260306507965687,-3.254252471011128,0.9739649252680048,False,0.624503255307301,0.06248403655617369,False,False,False,Clinical AE
Fatigue,17,399,73260,1736459,73277,1.0098890072574283,0.6215076978532384,1.640970514930332,False,1.009484889172389,0.0,False,0.013225348433142638,-0.9449040622758486,16.84030859576772,False,0.982901135582931,0.6456087712935494,False,False,False,Clinical AE
Platelet count decreased,2,414,8635,1801084,8637,1.0076304445731197,0.2511180060960486,4.043195183870166,False,1.0075937597434412,0.0,False,0.00872264740366163,-2.524264817948244,1.984930405743218,False,0.7937899679408106,0.1893978719816419,False,False,False,Clinical AE
Rash,10,406,43747,1765972,43757,0.9942818316830958,0.5308905677062332,1.8621471560258143,False,0.9944192876522523,0.0,False,-0.0076886086134914594,-1.2401493779674153,10.05610741740257,False,0.9500952185620936,0.5432035127369952,False,False,False,Clinical AE
Septic shock,1,415,4428,1805291,4429,0.9824071353163331,0.13802353487378527,6.992458064510486,False,0.9824494258564381,0.0,False,-0.017076223189165417,-3.2725834780549055,1.0178599938678607,False,0.5976217030422205,0.05979443024885113,False,False,False,Clinical AE
Chills,2,414,9117,1800602,9119,0.9541033658520818,0.2377801941335642,3.8283812327066107,False,0.9543240227470238,0.0,False,-0.05419681042576787,-2.5599321078937227,2.0957022542517545,False,0.7518707878681404,0.1793959774986784,False,False,False,Clinical AE
Herpes zoster,1,415,4609,1805110,4610,0.943732404122892,0.13259106977153948,6.717125460456511,False,0.9438676627668274,0.0,False,-0.056081171571435426,-3.2899355751323984,1.059456891336834,False,0.5741995045141339,0.057450946053024546,False,False,False,Clinical AE
Insurance issue,1,415,4653,1805066,4654,0.9347854344521865,0.13133431585189473,6.653431000085091,False,0.9349422002347534,0.0,False,-0.06540580897001277,-3.294148864970288,1.069568844312717,False,0.5687804927758877,0.05690875235799842,False,False,False,Clinical AE
Feeling hot,1,415,4686,1805033,4687,0.9281854691493245,0.13040723534163992,6.606445285669359,False,0.9283581002331003,0.0,False,-0.07235994772090215,-3.2973072742146727,1.0771528090446292,False,0.5647828860231057,0.05650877588973305,False,False,False,Clinical AE
Seizure,3,413,14174,1795545,14177,0.9201848284090058,0.2955225809770392,2.865229843468034,False,0.9207604185887487,0.0,False,-0.10265514174607566,-2.203158674138078,3.2581172122521247,False,0.7876276975124762,0.25898992509503455,False,False,False,Clinical AE
Dyspnoea,10,406,47316,1762403,47326,0.9174262593350982,0.4898565991864241,1.718198637551226,False,0.9194112050241584,0.01337361438461617,False,-0.1156452190210144,-1.3257477009499419,10.876324694014535,False,0.8784580856678422,0.5022459945111301,False,False,False,Clinical AE
Eye pruritus,1,415,4788,1804931,4789,0.9083607613411038,0.1276224920296008,6.465312341282375,False,0.9085810479724954,0.0,False,-0.09364504485947076,-3.3070601402489928,1.1005941545796307,False,0.5527743655302346,0.055307275613977254,False,False,False,Clinical AE
Anaemia,3,413,14385,1795334,14388,0.9065809572622814,0.29115413003788504,2.822865785773501,False,0.9072546522820246,0.0,False,-0.12115132461731318,-2.2151933685225775,3.3066086231137457,False,0.7760837562819622,0.25519401430617494,False,False,False,Clinical AE
Lung disorder,1,415,4875,1804844,4876,0.8921070126660489,0.12533933684352963,6.349602144787684,False,0.8923663708086786,0.0,False,-0.11155507894469198,-3.315365965509063,1.1205882434183085,False,0.5429281482688191,0.0543221223836717,False,False,False,Clinical AE
Product availability issue,1,415,4917,1804802,4918,0.8844662359015072,0.12426603535448964,6.295207859639157,False,0.8847439612959749,0.0,False,-0.12012236694944295,-3.3193709837682888,1.1302405621680152,False,0.538299274347988,0.05385898512245629,False,False,False,Administrative/case-context
Pancytopenia,1,415,4935,1804784,4936,0.8812314302803921,0.12381164043210152,6.272179505931811,False,0.8815169316499104,0.0,False,-0.12377854459051843,-3.3210864281807755,1.1343772702036037,False,0.5363395453105078,0.05366290643146876,False,False,False,Clinical AE
Hypotension,3,413,15591,1794128,15594,0.8358929369290627,0.26845467236117576,2.602737348031136,False,0.837076401326209,0.001975488184774368,False,-0.22254600830392252,-2.282267853677082,3.5837680614981755,False,0.7160951576642034,0.2354683968454922,False,False,False,Clinical AE
Bone pain,1,415,5228,1804491,5229,0.831708317585568,0.116855019213915,5.9196321235865605,False,0.8321128648990643,0.0,False,-0.18202582130121625,-3.348915840130859,1.201713684338461,False,0.506333809829196,0.05066071315741355,False,False,False,Clinical AE
Skin burning sensation,1,415,5334,1804385,5335,0.8151322952100867,0.11452651412848794,5.801631733495567,False,0.8155766887312164,0.0,False,-0.20253206548701594,-3.3589348691195293,1.2260742983258155,False,0.49628909901842,0.04965569985738219,False,False,False,Clinical AE
Weight increased,4,412,21476,1788243,21480,0.8084178862112052,0.3019439514579076,2.164439710054267,False,0.810260021920713,0.039064252858318924,False,-0.2727456073115208,-2.0748580680046502,4.936471589135617,False,0.7215541940449555,0.28275868717529495,False,False,False,Clinical AE
Dysphonia,1,415,5401,1804318,5402,0.8049905974574098,0.11310185772591512,5.729436059000812,False,0.8054593700596756,0.0,False,-0.21534481343006273,-3.3652527984725453,1.2414720449027283,False,0.4901431020391788,0.04904076839519779,False,False,False,Clinical AE
Completed suicide,1,415,5463,1804256,5464,0.7958273511398698,0.11181464384732487,5.664205966501892,False,0.7963181507765528,0.0,False,-0.22710086337780136,-3.3710885472914502,1.2557207059141997,False,0.4845898320251422,0.048485141625257855,False,False,False,Clinical AE
Rash pruritic,1,415,5611,1804108,5612,0.774772445690801,0.10885692019923154,5.514324137620996,False,0.7753138580809673,0.0,False,-0.2547823902370634,-3.384975622810942,1.2897336386512608,False,0.4718289553758977,0.047208365121270114,False,False,False,Clinical AE
Thrombosis,1,415,5643,1804076,5644,0.7703652462054491,0.10823780781861878,5.482951147307848,False,0.7709172528251476,0.0,False,-0.26069838432208736,-3.3879699045321985,1.297087786270085,False,0.46915771274764767,0.046941096663314925,False,False,False,Clinical AE
Decreased appetite,4,412,22834,1786885,22838,0.7597616737432087,0.2837723963144259,2.034157685476532,False,0.762071657649524,0.10815101634622225,False,-0.35327641864419523,-2.13309685675962,5.248563228709461,False,0.6786644126171216,0.26595127563246346,False,False,False,Clinical AE
Cardiac arrest,1,415,5771,1803948,5772,0.7532252037086137,0.10583000579598534,5.36093901946479,False,0.753818412353545,0.0,False,-0.28412271002848255,-3.3999162443918074,1.3265043767453808,False,0.45876850726011686,0.04590161529959803,False,False,False,Clinical AE
Productive cough,1,415,5897,1803822,5898,0.7370797076724739,0.10356189890796601,5.2460074717763785,False,0.7377117276059535,0.0,False,-0.30681543549167933,-3.411626274837147,1.3554613329945004,False,0.4489814429347943,0.04492238055600944,False,False,False,Clinical AE
Constipation,4,412,23879,1785840,23883,0.7260878775151584,0.27119618443315724,1.9439934487883972,False,0.7287216479236664,0.18052830634737563,False,-0.41232318862915457,-2.1764043508905875,5.488722111886682,False,0.6489797221129101,0.25431860245912613,False,False,False,Clinical AE
Anaphylactic reaction,1,415,6045,1803674,6046,0.7189747575911587,0.10101850986764939,5.117128561196561,False,0.7196502990392569,0.0,False,-0.3330223687873904,-3.425315534437441,1.3894742657315615,False,0.4380058022945828,0.043824224020935915,False,False,False,Clinical AE
Injection site reaction,1,415,6099,1803620,6100,0.7125876847280909,0.10012124694514421,5.071662847990209,False,0.7132785797167254,0.0,False,-0.3424670508000484,-3.4302921928217827,1.401884389838327,False,0.43413360977568144,0.04343679574598719,False,False,False,Clinical AE
Febrile neutropenia,1,415,6342,1803377,6343,0.6851918554064887,0.09627262194905803,4.876649967670069,False,0.6859486057540694,0.0,False,-0.3842192708133213,-3.4525638105920877,1.4577299483187718,False,0.4175235730720526,0.04177489545680739,False,False,False,Clinical AE
Cardiac failure,1,415,6351,1803368,6352,0.6842174555567571,0.09613573529183954,4.869713900532282,False,0.6849765482116688,0.0,False,-0.3857426826029088,-3.4533847366118464,1.4597983023365662,False,0.4169327608918409,0.04171578234642333,False,False,False,Clinical AE
Therapy non-responder,1,415,6617,1803102,6618,0.6566153991817353,0.09225808951310326,4.673235536503873,False,0.6574408429337022,0.00028913823963341026,False,-0.4300566037829685,-3.4775169033459448,1.5209296544180406,False,0.4001956708253338,0.040041169862546064,False,False,False,Administrative/case-context
Adverse event,1,415,7388,1802331,7389,0.5878405881240174,0.08259612371092992,4.183689760737081,False,0.588831355941027,0.02321447826074337,False,-0.5513067605159855,-3.5459827169605616,1.6981186486090816,False,0.3584840977918833,0.035867760945798084,False,False,False,Clinical AE
Eye irritation,1,415,7706,1802013,7707,0.563483000259538,0.07917412811484167,4.010313711581887,False,0.5645323199704526,0.04171248638949597,False,-0.5984925650707646,-3.5735616493222815,1.7712004905711451,False,0.3437084303286664,0.034389396600908936,False,False,False,Clinical AE
Wheezing,1,415,7806,1801913,7807,0.5562335429342273,0.07815564520215117,3.9587128157525227,False,0.5573002892252508,0.04845551347739469,False,-0.6130174727207578,-3.582153665459768,1.7941822018799702,False,0.33931050952477015,0.03394936711836191,False,False,False,Clinical AE
Renal impairment,1,415,7852,1801867,7853,0.5529607988755838,0.0776958532999427,3.9354178132612043,False,0.5540354123398252,0.05169735288726424,False,-0.6196501387652869,-3.5860930243921536,1.8047537890820298,False,0.33732503815094134,0.033750712804154204,False,False,False,Clinical AE
Asthenia,4,412,31364,1778355,31368,0.5504904516092286,0.20561398155558422,1.4738284576771876,False,0.5548126588052936,1.0361186743299018,False,-0.7766006115326973,-2.4541154964049836,7.208903203352236,False,0.49416155598142747,0.1936493114100087,False,False,False,Clinical AE
Somnolence,2,414,16427,1793292,16429,0.5273784852262491,0.1314413351634374,2.1159863168895976,False,0.5296507040472768,0.4350503770449368,False,-0.7742208452964876,-3.025527871935516,3.7756653509268645,False,0.41749757873618126,0.09961470434710364,False,False,False,Clinical AE
Urinary tract infection,2,414,16973,1792746,16975,0.510257980065526,0.12717464519337116,2.0472886385856572,False,0.5126125090075188,0.5081197370138472,False,-0.815950970772317,-3.0553853177113477,3.9011454946730493,False,0.4040753126227736,0.09641215865904794,False,False,False,Clinical AE
Swelling,1,415,8574,1801145,8575,0.5061941256980336,0.07112547115352916,3.6025419408203487,False,0.507381159049721,0.11297966187283756,False,-0.7199466844223291,-3.646854991175687,1.9706817447317466,False,0.30895015379754576,0.030911692677121662,False,False,False,Clinical AE
White blood cell count decreased,1,415,8926,1800793,8927,0.48613715448844447,0.06830756829281148,3.4597825523675168,False,0.48737240171323193,0.14906369965589972,False,-0.7664268868429579,-3.675754830630422,2.0515773685388106,False,0.29677920447045336,0.02969394074994689,False,False,False,Clinical AE
Treatment failure,1,415,9135,1800584,9136,0.474959674494365,0.06673717796124468,3.3802252250881044,False,0.4762217906614459,0.17214537307595795,False,-0.7933322276452356,-3.692692470248494,2.099609145174255,False,0.28999604944429774,0.02901525908893307,False,False,False,Clinical AE
Product dose omission issue,8,408,71751,1737968,71759,0.4749453515849065,0.2359062487532651,0.9561980158823089,False,0.4850425563621199,4.033286635778558,False,-0.9992739056226303,-2.1872377208513,16.491446218099757,False,0.4581975263241267,0.243572783947591,False,False,False,Administrative/case-context
Muscular weakness,1,415,9256,1800463,9257,0.4687192156699399,0.06586041553170703,3.3358080322538357,False,0.4699963329399641,0.18603148376060022,False,-0.8086826982138373,-3.7024236594836832,2.127417015857933,False,0.286208830700395,0.02863633277841479,False,False,False,Clinical AE
Dyspepsia,1,415,9487,1800232,9488,0.4572476477005312,0.06424869433108713,3.2541581351094733,False,0.45855234085509733,0.21354406669522413,False,-0.8375422011317178,-3.7208502894663247,2.180504768981319,False,0.27924668755843474,0.02793974264394465,False,False,False,Clinical AE
Drug intolerance,1,415,9654,1800065,9655,0.44929625275496016,0.06313154210635519,3.197563626745749,False,0.4506200598396839,0.23421017074527398,False,-0.8580522203801053,-3.734049209577808,2.2188842268670568,False,0.27442075372821695,0.02745688875438946,False,False,False,Clinical AE
Cerebrovascular accident,1,415,9768,1799951,9769,0.4440245009522118,0.06239087122098459,3.160041743086744,False,0.44536098051723055,0.24867221221894975,False,-0.871887468856417,-3.743000716715726,2.2450833777591175,False,0.2712210839434363,0.02713674905599583,False,False,False,Clinical AE
Migraine,1,415,9793,1799926,9794,0.44288482429667614,0.06223074863482414,3.1519300650439943,False,0.44422404346903993,0.25188099548799875,False,-0.8749038573928848,-3.7449574506643115,2.2508288055863237,False,0.27052935211830265,0.027067538533422256,False,False,False,Clinical AE
Pruritus,5,411,48744,1760975,48749,0.43950134432915916,0.18195157532714984,1.06160900953912,False,0.44623810701751065,2.984481521214475,False,-1.089418574341498,-2.5512613139926605,11.203354445939116,False,0.4070228998272943,0.1787139535946539,False,False,False,Clinical AE
Thrombocytopenia,1,415,9939,1799780,9940,0.43634362381612174,0.06131171976977538,3.1053729818690208,False,0.4376985670281022,0.2708805598274979,False,-0.8923947068230287,-3.7563396328646492,2.284382104097208,False,0.2665590767224418,0.026670296676210514,False,False,False,Clinical AE
Palpitations,1,415,10042,1799677,10043,0.4318433662952947,0.06067943876508022,3.073342417276484,False,0.43320912743400797,0.2845445271419004,False,-0.9046078020653378,-3.7643233864672068,2.308053266745298,False,0.26382751700806006,0.026396993253693032,False,False,False,Clinical AE
Abdominal distension,1,415,10142,1799577,10143,0.4275616368055539,0.060077859511556066,3.0428672851215826,False,0.4289376905632329,0.2980094441158852,False,-0.916367073444257,-3.7720383204549357,2.331034978054123,False,0.2612285507575435,0.02613695633502936,False,False,False,Clinical AE
Haemorrhage,1,415,10363,1799356,10364,0.4183921249021949,0.05878954720838224,2.977603647119346,False,0.4197902207557954,0.32843402862732035,False,-0.9420200089570616,-3.7889625648629046,2.3818245600466263,False,0.2556625916602381,0.02558005997179893,False,False,False,Clinical AE
Myelosuppression,1,415,10661,1799058,10662,0.40662972686167237,0.057136927803307196,2.893885637967879,False,0.4080560977105626,0.37083017071294616,False,-0.9759040802458799,-3.8115126860405346,2.450310059746925,False,0.24852241551257392,0.024865656926439897,False,False,False,Clinical AE
Pain in extremity,2,414,21528,1788191,21530,0.4012729405766583,0.10001337607460517,1.609984375679161,False,0.40415143605465514,1.225968896669478,False,-1.1237886633631486,-3.283876724595731,4.947962444790029,False,0.3186197535449844,0.07602250687203818,False,False,False,Clinical AE
Pneumonia,3,413,32357,1777362,32360,0.399005465732965,0.12815146102796043,1.2423218620195402,False,0.4033395609320062,2.1225007887614176,False,-1.1812173945308604,-2.995585689969338,7.4368817795357804,False,0.3451745163425398,0.11350124229328938,False,False,False,Clinical AE
Abdominal pain,2,414,22048,1787671,22050,0.3916950193867749,0.09762632025582672,1.5715535299329175,False,0.39461956256280006,1.317169069234116,False,-1.1550930959127896,-3.3078766887997104,5.067467343595919,False,0.3111086280158348,0.0742303562416916,False,False,False,Clinical AE
Adverse drug reaction,1,415,11094,1798625,11095,0.39066487692250884,0.054893849060468874,2.780257691399267,False,0.39212962481452207,0.4350014439452803,False,-1.0237620081955634,-3.8437350983060785,2.549820869714137,False,0.23883063855443443,0.023895956063233543,False,False,False,Clinical AE
Intentional product use issue,1,415,11595,1798124,11596,0.37368080342066845,0.052507550652968416,2.65937643460088,False,0.37518637841244573,0.5126510104395418,False,-1.0772244208077757,-3.8802357092556123,2.6649592433713507,False,0.22851940193251735,0.0228642757948798,False,False,False,Administrative/case-context
Vision blurred,1,415,11912,1797807,11913,0.3636723522700608,0.051101333484920866,2.588143415957358,False,0.36520198603864235,0.5634726436738383,False,-1.1100563927827878,-3.902909498657795,2.737811268220326,False,0.22244280251412615,0.02225628783489848,False,False,False,Clinical AE
Confusional state,1,415,12039,1797680,12040,0.3598105354385396,0.050558735039529575,2.560657843028447,False,0.3613494524206585,0.5841726062013182,False,-1.1230030892246965,-3.911903655448862,2.766998041582534,False,0.22009804373722408,0.022021685385853976,False,False,False,Clinical AE
Visual impairment,1,415,12293,1797426,12294,0.3523262822705448,0.04950716924730716,2.5073905671820573,False,0.353883190245856,0.6261224047380411,False,-1.1485530605406087,-3.9297405761169655,2.8253715883069495,False,0.21555376030211032,0.021567011739450737,False,False,False,Clinical AE
Chest pain,1,415,13158,1796561,13159,0.32900612939674795,0.04623057717629768,2.3414164345784254,False,0.330619095431852,0.7739738885461233,False,-1.2323183128975512,-3.9890140864185644,3.024163391128286,False,0.201393322328673,0.020150203553962097,False,False,False,Clinical AE
Myalgia,1,415,13807,1795912,13808,0.31342788405741456,0.04404174071807318,2.2305439545080263,False,0.31507829779766117,0.889339324148426,False,-1.2921199981544877,-4.032055637356327,3.1733146975225606,False,0.1919331372286413,0.019203674378021,False,False,False,Clinical AE
General physical health deterioration,1,415,14218,1795501,14219,0.3042979627046659,0.042758925156277335,2.16556542915383,False,0.30597032337124125,0.9641056661504434,False,-1.3287482193649718,-4.058707686229155,3.2677695310018313,False,0.18638852889646007,0.01864891424382891,False,False,False,Clinical AE
Feeling abnormal,1,415,14564,1795155,14565,0.29701144594858425,0.041735116607718975,2.1137067820760125,False,0.2987013222804386,1.0279783953790884,False,-1.3588786746802384,-4.080792974567193,3.347286252130366,False,0.18196326764212298,0.0182061492403854,False,False,False,Clinical AE
Acute kidney injury,1,415,14962,1794757,14963,0.28904662897009775,0.04061599811830578,2.0570208191269828,False,0.290755651496612,1.1024244895556004,False,-1.392776617008354,-4.10581081547671,3.4387534631394896,False,0.1771259034404879,0.01772215169667082,False,False,False,Clinical AE
Hypersensitivity,1,415,15223,1794496,15224,0.2840495793856633,0.0399138718964889,2.021456694515015,False,0.2857706140506016,1.151774551143679,False,-1.4145814380628827,-4.121997824524475,3.498735729655523,False,0.17409090427790452,0.01741848794950669,False,False,False,Clinical AE
Toxicity to various agents,1,415,16996,1792723,16997,0.2541665367045967,0.035715027805098803,1.8087800108386447,False,0.2559594056067491,1.4966022993073214,False,-1.5545729622703348,-4.2276220484220675,3.906201471160991,False,0.15593985067024996,0.015602402784993539,False,False,False,Clinical AE
Erythema,1,415,17211,1792508,17212,0.2509613843206187,0.035264670883822076,1.7859692105907208,False,0.25276195791600187,1.5394124411003318,False,-1.5706611545467117,-4.239943380548266,3.9556121504749644,False,0.15399289454432075,0.015407602074649819,False,False,False,Clinical AE
Back pain,1,415,19078,1790641,19079,0.22616613850306352,0.03178066157231286,1.6095046381900844,False,0.22802631605473886,1.918488259381862,False,-1.7033017591795756,-4.342891806399584,4.384680700610728,False,0.13893023439666302,0.013900522969295375,False,False,False,Clinical AE
Insomnia,1,415,19325,1790394,19326,0.22324462663071432,0.03137015393043303,1.588712743648277,False,0.22511182704746743,1.969512753637162,False,-1.7199706363030196,-4.355996359411959,4.441445527543526,False,0.13715536488091915,0.013722940209299019,False,False,False,Clinical AE
Abdominal pain upper,1,415,19337,1790382,19338,0.2231045919209755,0.03135047735183566,1.5877161415314305,False,0.22497212895962704,1.9719963495168753,False,-1.7207755753154699,-4.3566300963746984,4.444203332900584,False,0.13707029079554195,0.013714428208415895,False,False,False,Clinical AE
Nasopharyngitis,1,415,20824,1788895,20825,0.20700107383047364,0.029087729099833804,1.4731106859494933,False,0.2089073212491504,2.2828503600635095,False,-1.817197925173648,-4.433144446635184,4.7859413800628126,False,0.1272867217814108,0.012735543184625255,False,False,False,Clinical AE
Product use issue,1,415,21102,1788617,21103,0.20424227475726048,0.02870008124705887,1.4534769584422398,False,0.2061551539044786,2.3415950303416,False,-1.834530692366735,-4.447022166098323,4.849830537501346,False,0.12561056752597755,0.012567837279363413,False,False,False,Administrative/case-context
Vomiting,2,414,43055,1766664,43057,0.19822572745679187,0.04940741980675614,0.7952942934373028,False,0.20208041145940345,5.66282243041948,False,-2.0559224336879534,-4.047779079072678,9.895235438240794,False,0.1593514871991533,0.03802118166209924,False,False,False,Clinical AE
Fall,1,415,28239,1781480,28240,0.15201398390758403,0.02136122323270034,1.0817850200675996,False,0.15405241183088308,3.898422009573677,False,-2.2203372351280506,-4.764823110592211,6.49003527361219,False,0.09387470159557053,0.009392537567015866,False,False,False,Clinical AE
Diarrhoea,2,414,62798,1746921,62800,0.13438695315229737,0.03349605356095855,0.539163610563589,False,0.13854855433906518,10.222486768930384,False,-2.5784571421986944,-4.510755347662067,14.43251470194212,False,0.10926130800241646,0.026069691053504797,False,False,False,Clinical AE
Product use in unapproved indication,1,415,36492,1773227,36493,0.1170896674498058,0.016453737089154603,0.833244760701992,False,0.11921204805689761,5.772676558415195,False,-2.5666878678624356,-5.06273889232633,8.386715907929519,False,0.07264945729274583,0.007268867386499657,False,False,False,Administrative/case-context
Condition aggravated,1,415,39194,1770525,39195,0.10885149005472315,0.0152961157754525,0.7746180181342787,False,0.11099367397286085,6.397431044917208,False,-2.6641311117518107,-5.14838280871081,9.007681747493972,False,0.06764224890624833,0.006767876256017344,False,False,False,Clinical AE
Dizziness,1,415,41424,1768295,41425,0.1028619111439966,0.014454462820232656,0.7319934954196485,False,0.10501849308836202,6.916348107274858,False,-2.7398731422658646,-5.215452591767333,9.52017390968077,False,0.06400164090919033,0.006403618934311417,False,False,False,Clinical AE
Pain,1,415,45771,1763948,45772,0.09286397737505703,0.013049552587800854,0.6608439818830909,False,0.0950445928140593,7.935523018502276,False,-2.8769836281827015,-5.3379079750952805,10.519188900275394,False,0.057924453837535105,0.005795572177281851,False,False,False,Clinical AE
Drug ineffective,1,415,103985,1705734,103986,0.039526878007775684,0.005554513744628723,0.28128008262692916,False,0.0418357076279493,22.27644349850366,False,-4.023714429020866,-6.4024222642009505,23.897762321594797,False,0.025499447539457272,0.0025513212279952937,False,False,False,Administrative/case-context
